benchmark,pair_id,n,weight,reci_poly,degree
AN,1,1000,1.0,0.00786065489386236,8
AN,2,1000,1.0,0.006329498563183373,3
AN,3,1000,1.0,0.009425652331212273,6
AN,4,1000,1.0,0.017567651401807348,8
AN,5,1000,1.0,0.015679904484970985,8
AN,6,1000,1.0,0.00808169591066495,7
AN,7,1000,1.0,0.014805435299678392,7
AN,8,1000,1.0,0.00985157781855863,6
AN,9,1000,1.0,0.004234800958675863,7
AN,10,1000,1.0,0.00534093104843361,7
AN,11,1000,1.0,0.0016800536378676614,9
AN,12,1000,1.0,0.003770061665960901,4
AN,13,1000,1.0,0.004607274346536189,8
AN,14,1000,1.0,0.006653895723906443,7
AN,15,1000,1.0,0.0065854079785802756,9
AN,16,1000,1.0,0.009167372995622626,9
AN,17,1000,1.0,0.01138558749724526,6
AN,18,1000,1.0,-0.0014794533948489577,3
AN,19,1000,1.0,0.005521076707639683,9
AN,20,1000,1.0,0.013181342290392563,6
AN,21,1000,1.0,0.0030848863616760396,7
AN,22,1000,1.0,0.00036464538349784397,5
AN,23,1000,1.0,0.0023621152932333375,9
AN,24,1000,1.0,0.002878053771840771,8
AN,25,1000,1.0,0.011369400769100046,5
AN,26,1000,1.0,0.016390007372331955,9
AN,27,1000,1.0,-0.001144987806315726,5
AN,28,1000,1.0,-0.00011668980539268452,8
AN,29,1000,1.0,0.006723217372380162,9
AN,30,1000,1.0,0.009134854022751854,9
AN,31,1000,1.0,0.004314632395278904,5
AN,32,1000,1.0,0.018444599865081,7
AN,33,1000,1.0,-2.746001068976156e-06,3
AN,34,1000,1.0,0.010234614527028325,9
AN,35,1000,1.0,0.020586717655342715,7
AN,36,1000,1.0,0.006686920705750714,8
AN,37,1000,1.0,0.002493133285662585,9
AN,38,1000,1.0,0.0010051791701908269,7
AN,39,1000,1.0,0.010808424160804435,8
AN,40,1000,1.0,7.353293719429034e-05,4
AN,41,1000,1.0,0.010219533854311656,9
AN,42,1000,1.0,0.005398564834839402,7
AN,43,1000,1.0,0.005473337752768297,7
AN,44,1000,1.0,0.008459636770730158,6
AN,45,1000,1.0,0.00559663850578734,6
AN,46,1000,1.0,0.013248351463138562,9
AN,47,1000,1.0,-0.008239556921357197,2
AN,48,1000,1.0,0.01092850862737739,6
AN,49,1000,1.0,0.0017306088597007678,8
AN,50,1000,1.0,0.005008154146442345,9
AN,51,1000,1.0,0.013737593079213961,9
AN,52,1000,1.0,0.010372063492550106,7
AN,53,1000,1.0,0.017588738136000016,7
AN,54,1000,1.0,0.013597178306751511,8
AN,55,1000,1.0,0.02003867728163699,6
AN,56,1000,1.0,0.00705279568508939,9
AN,57,1000,1.0,0.006950807601254073,6
AN,58,1000,1.0,0.003531685991119549,4
AN,59,1000,1.0,0.0015949647849918926,8
AN,60,1000,1.0,0.008094987253530089,7
AN,61,1000,1.0,0.0013452236223127044,4
AN,62,1000,1.0,-0.011582703372338764,3
AN,63,1000,1.0,0.01358735913794806,9
AN,64,1000,1.0,0.012738149746255735,9
AN,65,1000,1.0,0.01500604283802237,6
AN,66,1000,1.0,0.0006394112230171979,4
AN,67,1000,1.0,0.006174122220714455,5
AN,68,1000,1.0,0.013471897358715061,8
AN,69,1000,1.0,0.01200842059624113,7
AN,70,1000,1.0,0.006921390726025185,9
AN,71,1000,1.0,0.013473018905083702,8
AN,72,1000,1.0,0.013149381678405736,9
AN,73,1000,1.0,0.011877464529436154,9
AN,74,1000,1.0,0.004598159264378094,8
AN,75,1000,1.0,0.011609200833274205,9
AN,76,1000,1.0,0.0020622014215515945,7
AN,77,1000,1.0,0.007855493579305336,7
AN,78,1000,1.0,0.012039811813205473,8
AN,79,1000,1.0,0.01891367227881532,9
AN,80,1000,1.0,0.008688438519337094,9
AN,81,1000,1.0,0.005294147309057902,5
AN,82,1000,1.0,0.01583579192549083,8
AN,83,1000,1.0,0.014212635175966876,8
AN,84,1000,1.0,0.0020653275559980484,3
AN,85,1000,1.0,0.006469700992634471,4
AN,86,1000,1.0,0.0018450956666900553,8
AN,87,1000,1.0,0.01417022646730343,8
AN,88,1000,1.0,0.008998243074960638,9
AN,89,1000,1.0,0.0004239232017517148,2
AN,90,1000,1.0,0.01288674850873749,9
AN,91,1000,1.0,0.0064103198918217,9
AN,92,1000,1.0,0.017774147956432042,6
AN,93,1000,1.0,0.0046238315452679195,5
AN,94,1000,1.0,-0.012876610828310278,2
AN,95,1000,1.0,0.008910510720485543,9
AN,96,1000,1.0,-0.02441933902685387,2
AN,97,1000,1.0,0.007739938060748764,9
AN,98,1000,1.0,0.008879735626109879,5
AN,99,1000,1.0,0.012544494171353244,4
AN,100,1000,1.0,0.002030434715497565,7
AN-s,1,1000,1.0,0.005698061904393953,7
AN-s,2,1000,1.0,0.0011608268540799892,7
AN-s,3,1000,1.0,0.0020747036860489657,4
AN-s,4,1000,1.0,0.0013199535646576457,4
AN-s,5,1000,1.0,0.00280893371622349,7
AN-s,6,1000,1.0,0.0025510931214525424,6
AN-s,7,1000,1.0,-0.0015259710966913573,4
AN-s,8,1000,1.0,-0.0016402643449840524,6
AN-s,9,1000,1.0,-0.0003960043211549552,6
AN-s,10,1000,1.0,3.443211339974536e-05,4
AN-s,11,1000,1.0,0.0009107235932180741,5
AN-s,12,1000,1.0,0.0015933642322161837,9
AN-s,13,1000,1.0,0.0009655348176507636,4
AN-s,14,1000,1.0,-0.0031324545612075056,4
AN-s,15,1000,1.0,-0.00048633997019422153,9
AN-s,16,1000,1.0,-0.0015109767617853802,6
AN-s,17,1000,1.0,0.00576417633424459,5
AN-s,18,1000,1.0,0.0012118926246891771,7
AN-s,19,1000,1.0,0.000610121273506503,8
AN-s,20,1000,1.0,0.00014205275298874963,4
AN-s,21,1000,1.0,0.0025132747440636998,7
AN-s,22,1000,1.0,-0.0002725238303233875,7
AN-s,23,1000,1.0,-0.0019654696846444614,5
AN-s,24,1000,1.0,-0.0016127425453955737,6
AN-s,25,1000,1.0,-8.921401000691782e-05,4
AN-s,26,1000,1.0,0.003341618820811989,8
AN-s,27,1000,1.0,0.0007392973454046492,6
AN-s,28,1000,1.0,0.006428260252085573,6
AN-s,29,1000,1.0,-0.0006814342383248597,8
AN-s,30,1000,1.0,-0.0021645668335382113,5
AN-s,31,1000,1.0,0.005741443386371519,9
AN-s,32,1000,1.0,0.000355377037111625,7
AN-s,33,1000,1.0,0.003102503131588129,7
AN-s,34,1000,1.0,0.001492207977646355,6
AN-s,35,1000,1.0,-0.0037609135052731535,5
AN-s,36,1000,1.0,0.00892554091661861,9
AN-s,37,1000,1.0,0.0012516875802898435,7
AN-s,38,1000,1.0,0.0004588708534512178,9
AN-s,39,1000,1.0,-0.0028367243146550734,5
AN-s,40,1000,1.0,0.00572061729869692,6
AN-s,41,1000,1.0,-0.0013338036448739517,6
AN-s,42,1000,1.0,-0.00019020392245490316,6
AN-s,43,1000,1.0,0.006284405983883539,5
AN-s,44,1000,1.0,0.002151478894616027,7
AN-s,45,1000,1.0,-0.0009868209038274437,7
AN-s,46,1000,1.0,0.006252401935267401,6
AN-s,47,1000,1.0,0.00143233071884772,8
AN-s,48,1000,1.0,-0.00016613304441207358,6
AN-s,49,1000,1.0,0.005237408766806553,5
AN-s,50,1000,1.0,0.00043708138711645063,4
AN-s,51,1000,1.0,0.0005561001947826088,6
AN-s,52,1000,1.0,0.005282218105937374,6
AN-s,53,1000,1.0,0.002555436729029338,6
AN-s,54,1000,1.0,-0.0016797412629857046,4
AN-s,55,1000,1.0,-0.00020864066632718262,6
AN-s,56,1000,1.0,-0.0010436832304500801,8
AN-s,57,1000,1.0,1.0069624539539579e-05,6
AN-s,58,1000,1.0,-0.0004703275431184985,5
AN-s,59,1000,1.0,0.00445001549511523,4
AN-s,60,1000,1.0,0.005376514459967282,5
AN-s,61,1000,1.0,-0.0020652443428929006,6
AN-s,62,1000,1.0,-0.003352958260388933,6
AN-s,63,1000,1.0,0.006912099186173543,8
AN-s,64,1000,1.0,-0.0011219791343112032,2
AN-s,65,1000,1.0,-0.007021402930177857,4
AN-s,66,1000,1.0,0.0001205231225245686,4
AN-s,67,1000,1.0,0.0006981669125233989,4
AN-s,68,1000,1.0,-0.0012187530756067573,8
AN-s,69,1000,1.0,-0.0006074936775581365,6
AN-s,70,1000,1.0,0.005271700497931394,7
AN-s,71,1000,1.0,0.0026322773653662344,4
AN-s,72,1000,1.0,0.003449007338574738,7
AN-s,73,1000,1.0,0.0012267904791270776,8
AN-s,74,1000,1.0,-0.002075202646225212,7
AN-s,75,1000,1.0,0.001557032934776205,8
AN-s,76,1000,1.0,-2.2964172915414943e-05,8
AN-s,77,1000,1.0,0.003336209893202066,9
AN-s,78,1000,1.0,0.0019281277691755947,9
AN-s,79,1000,1.0,0.002356675643399895,4
AN-s,80,1000,1.0,-0.003773885494984675,4
AN-s,81,1000,1.0,0.004673884231072138,6
AN-s,82,1000,1.0,-0.0020385488705095722,5
AN-s,83,1000,1.0,0.0043381956495295824,8
AN-s,84,1000,1.0,0.008025195158755185,6
AN-s,85,1000,1.0,0.001681844899909377,6
AN-s,86,1000,1.0,-0.0038875355519575787,5
AN-s,87,1000,1.0,-0.0007391136577801476,5
AN-s,88,1000,1.0,0.0066526675348246,7
AN-s,89,1000,1.0,0.006581840160265632,5
AN-s,90,1000,1.0,0.0006342991842171204,5
AN-s,91,1000,1.0,0.004598879927594637,9
AN-s,92,1000,1.0,-0.0026957149803197907,4
AN-s,93,1000,1.0,-0.0022328341857240667,6
AN-s,94,1000,1.0,0.0031991555259558643,5
AN-s,95,1000,1.0,0.0053357360056564985,5
AN-s,96,1000,1.0,-0.00187522932306158,6
AN-s,97,1000,1.0,0.005821223945060728,7
AN-s,98,1000,1.0,0.0010062912555962329,5
AN-s,99,1000,1.0,-0.0017697970103507992,6
AN-s,100,1000,1.0,-0.0014842877153901732,6
LS,1,1000,1.0,0.0015348906944222564,8
LS,2,1000,1.0,0.002385689667798993,7
LS,3,1000,1.0,0.01232121945003086,5
LS,4,1000,1.0,0.009334547754969686,7
LS,5,1000,1.0,0.01611388282756182,6
LS,6,1000,1.0,0.00023553595128941208,8
LS,7,1000,1.0,-0.00043003117520444036,6
LS,8,1000,1.0,0.007048810027511198,6
LS,9,1000,1.0,0.01079005193872624,9
LS,10,1000,1.0,0.008792558649900707,9
LS,11,1000,1.0,0.01404928121767719,7
LS,12,1000,1.0,0.011094313134885722,8
LS,13,1000,1.0,-0.0007679890804190501,6
LS,14,1000,1.0,0.0018628285885907443,4
LS,15,1000,1.0,0.004380298072340104,6
LS,16,1000,1.0,0.0014579742026293446,6
LS,17,1000,1.0,-0.0008825358219343351,5
LS,18,1000,1.0,0.00028368094223663216,3
LS,19,1000,1.0,0.007133379709659273,7
LS,20,1000,1.0,0.0008863914619440675,5
LS,21,1000,1.0,0.00781914633388233,5
LS,22,1000,1.0,0.004686402250541722,8
LS,23,1000,1.0,0.0047743984859389965,8
LS,24,1000,1.0,0.012611059848577882,7
LS,25,1000,1.0,0.006539189755002043,5
LS,26,1000,1.0,-0.010112253467024816,5
LS,27,1000,1.0,0.009418111082651828,8
LS,28,1000,1.0,0.009583097406646581,7
LS,29,1000,1.0,0.009545800469412447,6
LS,30,1000,1.0,0.007378753671803453,6
LS,31,1000,1.0,0.0029854380414497915,7
LS,32,1000,1.0,0.0118275330156336,9
LS,33,1000,1.0,0.0009484656839027356,6
LS,34,1000,1.0,0.007256698915110228,7
LS,35,1000,1.0,0.014019337001014764,8
LS,36,1000,1.0,0.005187556403074179,9
LS,37,1000,1.0,0.0024068800192481553,8
LS,38,1000,1.0,0.005498373904208214,9
LS,39,1000,1.0,0.011979516487150935,5
LS,40,1000,1.0,0.004061185787685585,5
LS,41,1000,1.0,0.004212237112775536,9
LS,42,1000,1.0,-0.0005580641651235629,9
LS,43,1000,1.0,0.001325219389397227,3
LS,44,1000,1.0,0.0025565470115115254,5
LS,45,1000,1.0,-0.003387500798108161,6
LS,46,1000,1.0,0.003768004676289377,6
LS,47,1000,1.0,-0.005727566074107498,5
LS,48,1000,1.0,-0.003702462908501257,7
LS,49,1000,1.0,0.0044682185332156794,8
LS,50,1000,1.0,0.012266046950072657,5
LS,51,1000,1.0,0.0017970767246840566,9
LS,52,1000,1.0,-0.004032157225498212,4
LS,53,1000,1.0,0.002195144992101602,4
LS,54,1000,1.0,0.007148362794787972,7
LS,55,1000,1.0,0.0014268511848045898,8
LS,56,1000,1.0,0.0022379775548302793,6
LS,57,1000,1.0,0.003077557089348544,7
LS,58,1000,1.0,0.0007479132571688602,8
LS,59,1000,1.0,0.0014636884590742243,6
LS,60,1000,1.0,0.00703377011789417,4
LS,61,1000,1.0,0.009617044174777526,7
LS,62,1000,1.0,0.00013316124723945777,4
LS,63,1000,1.0,0.011742167262053096,3
LS,64,1000,1.0,0.016061391504380053,2
LS,65,1000,1.0,0.009578481665570623,7
LS,66,1000,1.0,0.002948307039024071,6
LS,67,1000,1.0,0.005892623622036158,5
LS,68,1000,1.0,-0.01737691278466445,3
LS,69,1000,1.0,0.011135986698723661,9
LS,70,1000,1.0,0.013565835119117929,9
LS,71,1000,1.0,0.002337607487208142,8
LS,72,1000,1.0,0.011310092707716178,7
LS,73,1000,1.0,0.007037960216481816,6
LS,74,1000,1.0,0.005774894908912219,9
LS,75,1000,1.0,0.007597373150701876,7
LS,76,1000,1.0,-0.0018779505501441609,7
LS,77,1000,1.0,0.007498375238175429,6
LS,78,1000,1.0,0.009955392031647352,8
LS,79,1000,1.0,-0.004153743487555046,5
LS,80,1000,1.0,0.003509228300056441,4
LS,81,1000,1.0,0.002372073247872185,4
LS,82,1000,1.0,0.003932593734296271,4
LS,83,1000,1.0,0.00891059206602959,5
LS,84,1000,1.0,0.008506039874693392,7
LS,85,1000,1.0,0.007430171083363486,4
LS,86,1000,1.0,0.019490386332654958,6
LS,87,1000,1.0,0.006156283703657967,4
LS,88,1000,1.0,0.009099291462661632,8
LS,89,1000,1.0,0.0010807327528601154,5
LS,90,1000,1.0,0.009215296713126118,8
LS,91,1000,1.0,0.010255013875828639,6
LS,92,1000,1.0,0.010490556653635349,4
LS,93,1000,1.0,0.0062498014625651035,7
LS,94,1000,1.0,-0.0005986906254209605,3
LS,95,1000,1.0,0.008034543428277495,8
LS,96,1000,1.0,0.00954809778077293,4
LS,97,1000,1.0,-0.0002348643230587963,5
LS,98,1000,1.0,0.0012102430206701684,3
LS,99,1000,1.0,0.004558814570057881,9
LS,100,1000,1.0,-0.0015795871930877597,8
LS-s,1,1000,1.0,-0.004610888345385935,4
LS-s,2,1000,1.0,-0.002904335116641277,7
LS-s,3,1000,1.0,-0.005883021577613936,6
LS-s,4,1000,1.0,-0.0006851658722637627,5
LS-s,5,1000,1.0,-0.004234707719678867,5
LS-s,6,1000,1.0,-0.004951455695428247,4
LS-s,7,1000,1.0,-0.0030106980267637926,4
LS-s,8,1000,1.0,-0.004636845962726434,7
LS-s,9,1000,1.0,0.000365412578510441,8
LS-s,10,1000,1.0,-0.00326993640514695,4
LS-s,11,1000,1.0,-0.0009366396267333058,4
LS-s,12,1000,1.0,0.0011962697240123187,6
LS-s,13,1000,1.0,0.0002635172027996742,6
LS-s,14,1000,1.0,-0.0015027934904477099,5
LS-s,15,1000,1.0,-0.0032689080693057864,4
LS-s,16,1000,1.0,0.001674517149208861,6
LS-s,17,1000,1.0,-0.005805550316287672,3
LS-s,18,1000,1.0,-0.006299278224871699,6
LS-s,19,1000,1.0,-0.0001972885867649321,4
LS-s,20,1000,1.0,-0.0036443871716074034,8
LS-s,21,1000,1.0,-0.006805461825417355,4
LS-s,22,1000,1.0,0.0016792722392754613,4
LS-s,23,1000,1.0,0.004141432531341574,6
LS-s,24,1000,1.0,-0.0017444573213187074,6
LS-s,25,1000,1.0,-0.003095025803452131,6
LS-s,26,1000,1.0,-0.001351303947942294,9
LS-s,27,1000,1.0,-0.004685216064507703,7
LS-s,28,1000,1.0,-0.004777275535545331,4
LS-s,29,1000,1.0,-0.005393107584020641,4
LS-s,30,1000,1.0,-0.0008885985908810377,4
LS-s,31,1000,1.0,-0.007913923280253771,4
LS-s,32,1000,1.0,-0.002656162158946351,6
LS-s,33,1000,1.0,-0.004538128454870192,7
LS-s,34,1000,1.0,-0.0033013932584954834,5
LS-s,35,1000,1.0,-0.0039131705559240625,4
LS-s,36,1000,1.0,-0.0006756176506251045,8
LS-s,37,1000,1.0,-0.005874110675094125,5
LS-s,38,1000,1.0,-0.0036933226843574975,7
LS-s,39,1000,1.0,-0.00514007881216938,4
LS-s,40,1000,1.0,-0.002970936173641807,7
LS-s,41,1000,1.0,-0.004265173771083662,7
LS-s,42,1000,1.0,-0.003916793840149443,7
LS-s,43,1000,1.0,-0.001397397949921727,6
LS-s,44,1000,1.0,-0.0021471729696156214,9
LS-s,45,1000,1.0,-0.0060307160281703395,5
LS-s,46,1000,1.0,-0.0036271642139345077,4
LS-s,47,1000,1.0,-0.0044654736379354226,4
LS-s,48,1000,1.0,-0.0032298076749034455,8
LS-s,49,1000,1.0,-0.0003080770656316246,6
LS-s,50,1000,1.0,-0.004751508927569018,8
LS-s,51,1000,1.0,-0.0008803122614782707,7
LS-s,52,1000,1.0,-0.0022223474856719696,5
LS-s,53,1000,1.0,-0.0036402311051955795,7
LS-s,54,1000,1.0,-3.528741516827449e-05,4
LS-s,55,1000,1.0,-0.007177331668210074,6
LS-s,56,1000,1.0,-0.0002199859467712801,8
LS-s,57,1000,1.0,-0.00559935114184385,6
LS-s,58,1000,1.0,-0.005544685261845054,5
LS-s,59,1000,1.0,-0.0013736009363310604,6
LS-s,60,1000,1.0,-0.001439929755102788,4
LS-s,61,1000,1.0,-0.00438891629351394,8
LS-s,62,1000,1.0,-0.0020518131119031525,4
LS-s,63,1000,1.0,-0.0003302804424877258,4
LS-s,64,1000,1.0,-0.005537971303352122,6
LS-s,65,1000,1.0,-0.0038006834357514558,5
LS-s,66,1000,1.0,-0.006540183501794363,8
LS-s,67,1000,1.0,-0.0025547738361430756,5
LS-s,68,1000,1.0,-0.000657957168650608,7
LS-s,69,1000,1.0,-0.004991691513972992,5
LS-s,70,1000,1.0,-0.004451061372581794,7
LS-s,71,1000,1.0,-0.003268315766320015,6
LS-s,72,1000,1.0,-0.0020080888032047105,4
LS-s,73,1000,1.0,-0.002691437297218429,4
LS-s,74,1000,1.0,-0.0031065801920035115,8
LS-s,75,1000,1.0,-0.004020515030935849,8
LS-s,76,1000,1.0,-0.007133606085164326,4
LS-s,77,1000,1.0,-0.0035031438232274344,4
LS-s,78,1000,1.0,-0.005315925473223801,9
LS-s,79,1000,1.0,-0.0021156083941959425,9
LS-s,80,1000,1.0,-0.001956925028789802,6
LS-s,81,1000,1.0,-0.0023653405732922193,6
LS-s,82,1000,1.0,-0.0024913922747704345,9
LS-s,83,1000,1.0,-0.003768166822250585,4
LS-s,84,1000,1.0,-0.0018787350366690412,6
LS-s,85,1000,1.0,-0.004164013763209341,4
LS-s,86,1000,1.0,-0.003935966481414066,4
LS-s,87,1000,1.0,-0.0032123402157293573,9
LS-s,88,1000,1.0,0.0008168181083976942,9
LS-s,89,1000,1.0,-0.006318878970143786,7
LS-s,90,1000,1.0,-0.003446625447213995,6
LS-s,91,1000,1.0,-0.0028761871789662434,9
LS-s,92,1000,1.0,-0.003421916703523969,8
LS-s,93,1000,1.0,0.0006518318118625519,6
LS-s,94,1000,1.0,-0.0007559270763886398,7
LS-s,95,1000,1.0,-0.0018230836631585139,5
LS-s,96,1000,1.0,-0.0016407000328334575,8
LS-s,97,1000,1.0,-0.0017949889193972432,7
LS-s,98,1000,1.0,-0.0003297480493592896,8
LS-s,99,1000,1.0,-0.0016320303997148454,8
LS-s,100,1000,1.0,-0.004638834688065051,8
MN-U,1,1000,1.0,-0.0060162428999944555,7
MN-U,2,1000,1.0,0.00021906934342792034,9
MN-U,3,1000,1.0,-0.003770991380202861,8
MN-U,4,1000,1.0,-0.00109530005962993,4
MN-U,5,1000,1.0,-0.0016675994120769477,8
MN-U,6,1000,1.0,-0.003005732001007136,4
MN-U,7,1000,1.0,-0.0028638562231264155,4
MN-U,8,1000,1.0,-0.0007720342319088684,5
MN-U,9,1000,1.0,0.0012412694916156194,6
MN-U,10,1000,1.0,-0.004625487051407296,4
MN-U,11,1000,1.0,-0.002860700599370953,8
MN-U,12,1000,1.0,-0.00016417980520022635,8
MN-U,13,1000,1.0,-0.005493153506142587,5
MN-U,14,1000,1.0,-0.003978987728339567,5
MN-U,15,1000,1.0,-0.0011666042503489255,7
MN-U,16,1000,1.0,-0.0009816734423735343,5
MN-U,17,1000,1.0,-8.77335884575713e-05,5
MN-U,18,1000,1.0,-0.0038648579662119813,6
MN-U,19,1000,1.0,-0.0027413712250876736,6
MN-U,20,1000,1.0,-0.003128459938984915,5
MN-U,21,1000,1.0,-0.00712635716039082,4
MN-U,22,1000,1.0,-0.0019260769431547796,7
MN-U,23,1000,1.0,0.0010632659870700289,6
MN-U,24,1000,1.0,-0.0025101095829145395,4
MN-U,25,1000,1.0,-0.0011850195459737053,8
MN-U,26,1000,1.0,-0.002519046328339993,9
MN-U,27,1000,1.0,-0.0022422144118328987,9
MN-U,28,1000,1.0,-0.0016789963642027516,6
MN-U,29,1000,1.0,-0.004343398181066199,7
MN-U,30,1000,1.0,-0.005803386184849632,3
MN-U,31,1000,1.0,-0.004797898821448165,6
MN-U,32,1000,1.0,-0.0006297219458550815,6
MN-U,33,1000,1.0,-0.0019131533014299321,5
MN-U,34,1000,1.0,-0.0037062397216066243,3
MN-U,35,1000,1.0,-0.0012871433267389815,9
MN-U,36,1000,1.0,-0.0032044936702752685,8
MN-U,37,1000,1.0,-0.0022894387310699333,6
MN-U,38,1000,1.0,-0.0007087924471207759,8
MN-U,39,1000,1.0,-0.0038796445415095714,9
MN-U,40,1000,1.0,-0.002559439898190864,5
MN-U,41,1000,1.0,0.0018336306545978995,9
MN-U,42,1000,1.0,-0.003998691760713501,5
MN-U,43,1000,1.0,-0.002530532540326213,8
MN-U,44,1000,1.0,-0.0030472040228971212,7
MN-U,45,1000,1.0,-0.004124744917234799,5
MN-U,46,1000,1.0,-0.002781946897890657,9
MN-U,47,1000,1.0,-0.0023532360653653727,5
MN-U,48,1000,1.0,-0.004557900765640799,5
MN-U,49,1000,1.0,-0.0034952533891930964,8
MN-U,50,1000,1.0,-0.001760754884417584,4
MN-U,51,1000,1.0,-0.0019823288460906717,5
MN-U,52,1000,1.0,-0.003593074260386334,5
MN-U,53,1000,1.0,-0.0041200585717600605,8
MN-U,54,1000,1.0,-0.005181017153954229,8
MN-U,55,1000,1.0,-0.00022239888758981453,8
MN-U,56,1000,1.0,-0.0030754867600953856,5
MN-U,57,1000,1.0,-0.0020005994087876396,7
MN-U,58,1000,1.0,-0.0029230986452339226,7
MN-U,59,1000,1.0,-0.004729110111858229,4
MN-U,60,1000,1.0,-0.0019161284907593112,8
MN-U,61,1000,1.0,-0.003371386443426678,9
MN-U,62,1000,1.0,-0.00018245772204474736,6
MN-U,63,1000,1.0,-0.003206841052488134,8
MN-U,64,1000,1.0,-0.007103267546742073,4
MN-U,65,1000,1.0,-1.4535941762518212e-06,7
MN-U,66,1000,1.0,-0.006159867057698793,4
MN-U,67,1000,1.0,-0.006422379507904167,3
MN-U,68,1000,1.0,-0.0009831825239151396,9
MN-U,69,1000,1.0,-0.005186835783210634,4
MN-U,70,1000,1.0,-0.00235752490443193,9
MN-U,71,1000,1.0,-0.0006572671348105599,5
MN-U,72,1000,1.0,-0.004486018808559895,7
MN-U,73,1000,1.0,-0.0020964063018481614,8
MN-U,74,1000,1.0,-0.003326550876359526,8
MN-U,75,1000,1.0,-0.0018640954504819673,9
MN-U,76,1000,1.0,-0.0011585498928535776,9
MN-U,77,1000,1.0,-0.0029237184690557843,6
MN-U,78,1000,1.0,-0.0038550787157850697,7
MN-U,79,1000,1.0,-0.002747924213544929,4
MN-U,80,1000,1.0,-0.0021891136220961675,6
MN-U,81,1000,1.0,-0.005580166284109241,6
MN-U,82,1000,1.0,-0.003169043239371814,9
MN-U,83,1000,1.0,-0.004397021716132595,5
MN-U,84,1000,1.0,-0.007338509480737379,6
MN-U,85,1000,1.0,-0.00016136389035867685,6
MN-U,86,1000,1.0,-0.003713373689374515,7
MN-U,87,1000,1.0,-0.0017343866637816764,6
MN-U,88,1000,1.0,-0.002473731416822089,5
MN-U,89,1000,1.0,-0.0028181845906228324,8
MN-U,90,1000,1.0,-0.0016261433469358585,4
MN-U,91,1000,1.0,-0.0012506608007958496,3
MN-U,92,1000,1.0,-0.0024229678730624165,7
MN-U,93,1000,1.0,-0.00244618190083235,4
MN-U,94,1000,1.0,-0.0049645539702823874,5
MN-U,95,1000,1.0,-0.002804350909297929,5
MN-U,96,1000,1.0,-0.006886759527761591,4
MN-U,97,1000,1.0,-0.003549763188214681,6
MN-U,98,1000,1.0,-0.0029567619359294577,6
MN-U,99,1000,1.0,-0.001172035325870794,6
MN-U,100,1000,1.0,-0.0016093763136219765,8
SIM,1,1000,1.0,-0.0014914832171853908,5
SIM,2,1000,1.0,-3.9755966020257535e-05,9
SIM,3,1000,1.0,0.0014989840788980542,4
SIM,4,1000,1.0,-0.00011375801039633466,9
SIM,5,1000,1.0,-0.0005033747021503075,8
SIM,6,1000,1.0,0.007818562003777979,4
SIM,7,1000,1.0,-5.521670825731073e-05,8
SIM,8,1000,1.0,-0.009303665153041391,2
SIM,9,1000,1.0,-0.002370037030176783,5
SIM,10,1000,1.0,-0.004513356334105698,4
SIM,11,1000,1.0,0.001292903549939953,3
SIM,12,1000,1.0,-0.0012582076943380392,3
SIM,13,1000,1.0,0.0031184639780642907,2
SIM,14,1000,1.0,0.00010522008666529988,8
SIM,15,1000,1.0,0.0024344530880972687,9
SIM,16,1000,1.0,-0.005676414043104711,8
SIM,17,1000,1.0,0.001707028073211993,5
SIM,18,1000,1.0,-0.0016125866733828027,8
SIM,19,1000,1.0,0.005930111935233762,2
SIM,20,1000,1.0,0.003356927576262926,8
SIM,21,1000,1.0,0.001668695870207724,7
SIM,22,1000,1.0,0.00044455657290345214,5
SIM,23,1000,1.0,0.010134923983065104,6
SIM,24,1000,1.0,-0.002475045599484053,5
SIM,25,1000,1.0,0.01791117466973594,9
SIM,26,1000,1.0,0.001742886172584929,7
SIM,27,1000,1.0,-0.0014024265886503342,7
SIM,28,1000,1.0,-0.0018168713235774561,2
SIM,29,1000,1.0,0.010926975648952068,9
SIM,30,1000,1.0,0.01057919704208027,6
SIM,31,1000,1.0,-0.00040659765934917755,5
SIM,32,1000,1.0,-0.003010136963722522,5
SIM,33,1000,1.0,0.00702959647846478,9
SIM,34,1000,1.0,0.00013522011613083056,4
SIM,35,1000,1.0,0.002015938528810525,8
SIM,36,1000,1.0,-0.006459035352286823,1
SIM,37,1000,1.0,0.0034945602686557286,4
SIM,38,1000,1.0,0.013684410247665375,9
SIM,39,1000,1.0,4.462833840409566e-05,9
SIM,40,1000,1.0,-0.00017403141337178196,4
SIM,41,1000,1.0,-0.003956494456129908,5
SIM,42,1000,1.0,-0.0008290326569431357,5
SIM,43,1000,1.0,0.0040463923686342666,2
SIM,44,1000,1.0,0.003158524585245878,8
SIM,45,1000,1.0,0.00019035340018713689,9
SIM,46,1000,1.0,-0.0008970514629740717,4
SIM,47,1000,1.0,0.0074365319333635944,8
SIM,48,1000,1.0,-0.005910009260755401,5
SIM,49,1000,1.0,0.011433749328306965,4
SIM,50,1000,1.0,0.004571442359854808,5
SIM,51,1000,1.0,0.0010652214600984549,3
SIM,52,1000,1.0,-0.0006788737438563693,9
SIM,53,1000,1.0,0.0013155857010718104,6
SIM,54,1000,1.0,0.019921703268527345,3
SIM,55,1000,1.0,0.006319362802850156,6
SIM,56,1000,1.0,-1.9681947171130282e-05,6
SIM,57,1000,1.0,-0.00385163914462488,5
SIM,58,1000,1.0,0.002508927557942466,7
SIM,59,1000,1.0,-0.0006919669918264782,6
SIM,60,1000,1.0,-0.0011037898686166192,8
SIM,61,1000,1.0,-0.0005024060368863047,9
SIM,62,1000,1.0,0.0005573089838049265,9
SIM,63,1000,1.0,-0.0003257449537790412,5
SIM,64,1000,1.0,0.04035308123973732,7
SIM,65,1000,1.0,0.005029345461617916,9
SIM,66,1000,1.0,-0.0005020639645767523,7
SIM,67,1000,1.0,0.01357612900148892,6
SIM,68,1000,1.0,-5.0404048945805295e-05,4
SIM,69,1000,1.0,0.0023059030672243474,8
SIM,70,1000,1.0,0.0004948734308728975,9
SIM,71,1000,1.0,0.0014164960241575793,4
SIM,72,1000,1.0,0.0006799070711633907,6
SIM,73,1000,1.0,-0.0016983549950392355,5
SIM,74,1000,1.0,-0.0007636489944109759,9
SIM,75,1000,1.0,-0.009452031344282526,5
SIM,76,1000,1.0,1.0782497567605911e-05,9
SIM,77,1000,1.0,0.001929652238718051,7
SIM,78,1000,1.0,0.0037908620065224617,4
SIM,79,1000,1.0,0.003653143714576262,5
SIM,80,1000,1.0,0.006464165897714572,6
SIM,81,1000,1.0,0.01488078846020812,6
SIM,82,1000,1.0,0.00010977246371615852,6
SIM,83,1000,1.0,0.006941286598526403,2
SIM,84,1000,1.0,0.0003234432525533997,7
SIM,85,1000,1.0,-0.012961816221343445,3
SIM,86,1000,1.0,-0.0010168274295497526,7
SIM,87,1000,1.0,-0.0018330274433376577,6
SIM,88,1000,1.0,2.194643668577273e-06,8
SIM,89,1000,1.0,-0.0002594477186201446,4
SIM,90,1000,1.0,0.006810866160514837,6
SIM,91,1000,1.0,-0.00048298417617066215,5
SIM,92,1000,1.0,0.0001604564999760352,6
SIM,93,1000,1.0,0.016518333552305333,9
SIM,94,1000,1.0,-0.004360463586558515,3
SIM,95,1000,1.0,0.0015623089797351878,1
SIM,96,1000,1.0,-0.0020156723201310268,4
SIM,97,1000,1.0,-0.007323829844443117,6
SIM,98,1000,1.0,-0.002344995940089371,5
SIM,99,1000,1.0,0.0019152313305682853,8
SIM,100,1000,1.0,0.0014767179986132344,8
SIM-c,1,1000,1.0,0.007619035937278258,5
SIM-c,2,1000,1.0,0.004392876120323044,4
SIM-c,3,1000,1.0,0.0008297019643601535,2
SIM-c,4,1000,1.0,0.016049771340920234,6
SIM-c,5,1000,1.0,0.005705611365540108,8
SIM-c,6,1000,1.0,0.0018867349084394575,5
SIM-c,7,1000,1.0,0.021822266920996876,7
SIM-c,8,1000,1.0,-0.0025424420009278487,9
SIM-c,9,1000,1.0,-0.0031510969557112817,7
SIM-c,10,1000,1.0,0.0008785164682693193,4
SIM-c,11,1000,1.0,0.019363072030695504,7
SIM-c,12,1000,1.0,0.002702111646499157,6
SIM-c,13,1000,1.0,-0.002112027652056857,3
SIM-c,14,1000,1.0,0.004480409725592591,7
SIM-c,15,1000,1.0,0.005762662136281635,7
SIM-c,16,1000,1.0,0.0001852245445495039,4
SIM-c,17,1000,1.0,-0.0008754227904009537,5
SIM-c,18,1000,1.0,0.00024463996458408887,9
SIM-c,19,1000,1.0,0.015446702654110965,7
SIM-c,20,1000,1.0,0.003564268951624407,8
SIM-c,21,1000,1.0,0.0039943975062302385,4
SIM-c,22,1000,1.0,0.01151139525909153,2
SIM-c,23,1000,1.0,0.008909403267818014,6
SIM-c,24,1000,1.0,0.0015820562888379606,7
SIM-c,25,1000,1.0,0.01613273466421449,9
SIM-c,26,1000,1.0,-6.938743658397293e-05,9
SIM-c,27,1000,1.0,-0.0020607360852641227,6
SIM-c,28,1000,1.0,0.0010305943334711024,3
SIM-c,29,1000,1.0,0.011871779821490857,5
SIM-c,30,1000,1.0,-0.00043982046494155623,5
SIM-c,31,1000,1.0,0.0031497988001405104,5
SIM-c,32,1000,1.0,6.989308699901966e-05,8
SIM-c,33,1000,1.0,0.006497785248267763,2
SIM-c,34,1000,1.0,-0.0007957390008650957,1
SIM-c,35,1000,1.0,0.037610441359737706,5
SIM-c,36,1000,1.0,-0.0012889454383150836,6
SIM-c,37,1000,1.0,0.0028277628489206874,8
SIM-c,38,1000,1.0,0.0008282017048923049,5
SIM-c,39,1000,1.0,0.010041524373761998,3
SIM-c,40,1000,1.0,-0.0002662448462672686,4
SIM-c,41,1000,1.0,-0.01080113038742255,4
SIM-c,42,1000,1.0,0.0027142470986084386,4
SIM-c,43,1000,1.0,6.447221438701453e-05,5
SIM-c,44,1000,1.0,0.001258833961807343,5
SIM-c,45,1000,1.0,0.0042825723745379286,9
SIM-c,46,1000,1.0,0.004810551394853238,7
SIM-c,47,1000,1.0,-0.006738130564112398,2
SIM-c,48,1000,1.0,0.008274412836156205,8
SIM-c,49,1000,1.0,-0.0017965516448034775,3
SIM-c,50,1000,1.0,0.009479403790534868,3
SIM-c,51,1000,1.0,-0.0010141789612506862,6
SIM-c,52,1000,1.0,-0.0015327730382046494,2
SIM-c,53,1000,1.0,0.005052827697472844,8
SIM-c,54,1000,1.0,-0.02792036148238729,5
SIM-c,55,1000,1.0,0.0033186248759341647,3
SIM-c,56,1000,1.0,0.013595342057844649,4
SIM-c,57,1000,1.0,-0.06822857706781948,2
SIM-c,58,1000,1.0,0.003805144327849461,6
SIM-c,59,1000,1.0,0.0040913521762255285,5
SIM-c,60,1000,1.0,-0.0015752525012416247,5
SIM-c,61,1000,1.0,-0.002983111396407668,9
SIM-c,62,1000,1.0,0.00016588595660951486,3
SIM-c,63,1000,1.0,0.0018584847834122054,7
SIM-c,64,1000,1.0,0.000637959687988931,5
SIM-c,65,1000,1.0,0.03974851087689973,2
SIM-c,66,1000,1.0,0.005979398214991249,7
SIM-c,67,1000,1.0,-0.0008891512832629178,8
SIM-c,68,1000,1.0,5.665344614779518e-05,9
SIM-c,69,1000,1.0,-0.001177114821908352,5
SIM-c,70,1000,1.0,-0.009791041986331957,5
SIM-c,71,1000,1.0,0.00020624467390539802,8
SIM-c,72,1000,1.0,0.0022376548468922572,6
SIM-c,73,1000,1.0,0.0012504564029567292,3
SIM-c,74,1000,1.0,-0.0006768138745604393,3
SIM-c,75,1000,1.0,-0.0011271775118198194,4
SIM-c,76,1000,1.0,0.000512657348555475,5
SIM-c,77,1000,1.0,-0.011663270632946962,5
SIM-c,78,1000,1.0,-0.0011888445110795611,4
SIM-c,79,1000,1.0,0.0066824642010438525,4
SIM-c,80,1000,1.0,0.008301305426434771,8
SIM-c,81,1000,1.0,-0.006786393880478685,4
SIM-c,82,1000,1.0,0.001547726149538455,4
SIM-c,83,1000,1.0,0.025174507407994363,6
SIM-c,84,1000,1.0,0.0019834028020307257,7
SIM-c,85,1000,1.0,0.014449581200336334,7
SIM-c,86,1000,1.0,0.013005665613718683,5
SIM-c,87,1000,1.0,-0.0015778750242050688,8
SIM-c,88,1000,1.0,0.0327699730118607,5
SIM-c,89,1000,1.0,-0.0013800756003160978,8
SIM-c,90,1000,1.0,0.004845255922547243,9
SIM-c,91,1000,1.0,-0.00023689714887994116,3
SIM-c,92,1000,1.0,0.008670771912293347,5
SIM-c,93,1000,1.0,-0.004870870024562216,3
SIM-c,94,1000,1.0,0.0028649887801752124,6
SIM-c,95,1000,1.0,0.033630829937053755,5
SIM-c,96,1000,1.0,-0.0020521429074993104,5
SIM-c,97,1000,1.0,-0.0012547859612736271,4
SIM-c,98,1000,1.0,0.02655465096444932,2
SIM-c,99,1000,1.0,0.0031491725034473988,6
SIM-c,100,1000,1.0,-0.003779380077101305,6
SIM-G,1,1000,1.0,-0.00039812809558231223,4
SIM-G,2,1000,1.0,-0.00011836110036833982,4
SIM-G,3,1000,1.0,0.0002554472522521959,4
SIM-G,4,1000,1.0,-0.0008360619356074549,3
SIM-G,5,1000,1.0,-0.0001896174827525736,7
SIM-G,6,1000,1.0,0.008313897313335983,5
SIM-G,7,1000,1.0,-0.0006083425490517409,7
SIM-G,8,1000,1.0,0.004449269450359432,2
SIM-G,9,1000,1.0,-0.004866772855789764,8
SIM-G,10,1000,1.0,0.0006904786743916792,5
SIM-G,11,1000,1.0,-2.6578491816715583e-05,3
SIM-G,12,1000,1.0,-0.0006056499092780172,6
SIM-G,13,1000,1.0,0.011570792229933426,4
SIM-G,14,1000,1.0,0.003983139816901519,7
SIM-G,15,1000,1.0,0.00045105303420662655,6
SIM-G,16,1000,1.0,-0.0032690052929650708,3
SIM-G,17,1000,1.0,-0.0008952880325450168,6
SIM-G,18,1000,1.0,0.0015334727444423829,2
SIM-G,19,1000,1.0,0.0007105751370082361,4
SIM-G,20,1000,1.0,0.0022789449651634125,7
SIM-G,21,1000,1.0,0.016759390621769298,5
SIM-G,22,1000,1.0,0.022439148914011012,4
SIM-G,23,1000,1.0,0.004483518998643694,6
SIM-G,24,1000,1.0,-0.000923924319806185,4
SIM-G,25,1000,1.0,0.003970686086174195,6
SIM-G,26,1000,1.0,0.0002882489937233064,3
SIM-G,27,1000,1.0,-0.0004463911366256561,6
SIM-G,28,1000,1.0,-0.00014382677540982327,6
SIM-G,29,1000,1.0,-0.00013785743143705678,3
SIM-G,30,1000,1.0,0.0006931136114430555,3
SIM-G,31,1000,1.0,0.0010775670628880606,3
SIM-G,32,1000,1.0,-0.00247051667090345,5
SIM-G,33,1000,1.0,0.00970727507370388,9
SIM-G,34,1000,1.0,0.0002659298186422792,4
SIM-G,35,1000,1.0,-0.0015363948869274151,1
SIM-G,36,1000,1.0,0.008673906631239809,7
SIM-G,37,1000,1.0,0.007012092295551518,6
SIM-G,38,1000,1.0,0.005638867318210559,7
SIM-G,39,1000,1.0,-6.679824296173316e-05,4
SIM-G,40,1000,1.0,-0.0003622918146783138,3
SIM-G,41,1000,1.0,9.669336817223588e-05,3
SIM-G,42,1000,1.0,-0.00020847151744952724,3
SIM-G,43,1000,1.0,0.006026503810157211,6
SIM-G,44,1000,1.0,0.009519026270990683,9
SIM-G,45,1000,1.0,0.0016972144860573028,8
SIM-G,46,1000,1.0,0.00440532870326043,5
SIM-G,47,1000,1.0,0.000630070072267206,3
SIM-G,48,1000,1.0,-0.0021177540383518732,6
SIM-G,49,1000,1.0,-0.0017842626997258589,5
SIM-G,50,1000,1.0,0.005573804686776493,7
SIM-G,51,1000,1.0,0.015911908029678103,2
SIM-G,52,1000,1.0,-2.318515120434527e-05,3
SIM-G,53,1000,1.0,0.0029730192801820502,7
SIM-G,54,1000,1.0,0.002651159045157059,2
SIM-G,55,1000,1.0,0.015539028649668725,3
SIM-G,56,1000,1.0,0.0013930184129561955,2
SIM-G,57,1000,1.0,0.0005232071762259227,3
SIM-G,58,1000,1.0,0.001023723568208549,5
SIM-G,59,1000,1.0,0.000222055466712728,3
SIM-G,60,1000,1.0,-0.0004908504689883123,7
SIM-G,61,1000,1.0,0.0012247004554824283,6
SIM-G,62,1000,1.0,0.0006726202069450458,5
SIM-G,63,1000,1.0,-0.008613427066848905,4
SIM-G,64,1000,1.0,-0.002487799378915745,3
SIM-G,65,1000,1.0,-0.00220172329653114,5
SIM-G,66,1000,1.0,-0.00021767920726606263,4
SIM-G,67,1000,1.0,0.015529795940290948,7
SIM-G,68,1000,1.0,-7.374688353825685e-05,4
SIM-G,69,1000,1.0,0.003951106667264354,7
SIM-G,70,1000,1.0,0.00021128544796425756,2
SIM-G,71,1000,1.0,0.0005738424255399147,3
SIM-G,72,1000,1.0,0.00045755026600341345,4
SIM-G,73,1000,1.0,-0.0009158981184337516,5
SIM-G,74,1000,1.0,0.004163184290433438,8
SIM-G,75,1000,1.0,-0.011807180448895479,4
SIM-G,76,1000,1.0,0.010661458805324866,4
SIM-G,77,1000,1.0,0.003340795037535327,5
SIM-G,78,1000,1.0,6.63250607346709e-05,4
SIM-G,79,1000,1.0,0.00916727655393823,5
SIM-G,80,1000,1.0,0.012973460159865275,5
SIM-G,81,1000,1.0,0.009039973462894665,5
SIM-G,82,1000,1.0,0.011323295480550737,3
SIM-G,83,1000,1.0,-0.0005458188779688487,5
SIM-G,84,1000,1.0,-0.0004404143814376424,5
SIM-G,85,1000,1.0,-0.003607166730398636,1
SIM-G,86,1000,1.0,-0.0011752066630615812,5
SIM-G,87,1000,1.0,-0.00014348755994637776,5
SIM-G,88,1000,1.0,0.0002845729276111323,4
SIM-G,89,1000,1.0,0.004622301649496716,4
SIM-G,90,1000,1.0,0.000641427034874088,2
SIM-G,91,1000,1.0,-0.0001442201800588975,3
SIM-G,92,1000,1.0,9.063048838474407e-06,2
SIM-G,93,1000,1.0,0.004672221554316295,6
SIM-G,94,1000,1.0,-0.00077618556092826,1
SIM-G,95,1000,1.0,0.0008079428165914419,9
SIM-G,96,1000,1.0,0.005624073356400933,5
SIM-G,97,1000,1.0,-0.004497631124708655,4
SIM-G,98,1000,1.0,-0.0006109563453384811,3
SIM-G,99,1000,1.0,-0.0005328878576917597,3
SIM-G,100,1000,1.0,-0.0005336949341690593,5
SIM-ln,1,1000,1.0,0.001337232952260413,6
SIM-ln,2,1000,1.0,-6.695319851629611e-07,6
SIM-ln,3,1000,1.0,0.002092978245673063,4
SIM-ln,4,1000,1.0,0.000388810456534127,8
SIM-ln,5,1000,1.0,9.86903140668339e-06,3
SIM-ln,6,1000,1.0,0.0024160070717077447,3
SIM-ln,7,1000,1.0,-7.016781873185311e-07,9
SIM-ln,8,1000,1.0,0.00013138086318354412,3
SIM-ln,9,1000,1.0,0.0002995184976377595,8
SIM-ln,10,1000,1.0,-3.4014602991239964e-05,8
SIM-ln,11,1000,1.0,-1.253216231794358e-06,9
SIM-ln,12,1000,1.0,-4.066301541591629e-05,4
SIM-ln,13,1000,1.0,0.004170920488473195,4
SIM-ln,14,1000,1.0,3.6576076884038952e-06,6
SIM-ln,15,1000,1.0,5.1722828029723086e-05,9
SIM-ln,16,1000,1.0,2.5174397751531594e-06,6
SIM-ln,17,1000,1.0,0.005664456350206606,9
SIM-ln,18,1000,1.0,0.013932098954454856,5
SIM-ln,19,1000,1.0,0.001352841527337855,5
SIM-ln,20,1000,1.0,0.02415058302769296,6
SIM-ln,21,1000,1.0,5.644371080225041e-05,9
SIM-ln,22,1000,1.0,0.0038932107975900208,4
SIM-ln,23,1000,1.0,0.00025026701526754117,7
SIM-ln,24,1000,1.0,-1.859319087165148e-05,6
SIM-ln,25,1000,1.0,0.024041777742328335,8
SIM-ln,26,1000,1.0,1.6682729659340354e-05,6
SIM-ln,27,1000,1.0,0.0012568188127761652,6
SIM-ln,28,1000,1.0,-0.0012106146972013661,2
SIM-ln,29,1000,1.0,6.225693500532366e-06,8
SIM-ln,30,1000,1.0,0.01243859708283242,9
SIM-ln,31,1000,1.0,9.799809772987575e-06,9
SIM-ln,32,1000,1.0,2.7663428662100603e-06,4
SIM-ln,33,1000,1.0,0.00796903399907478,4
SIM-ln,34,1000,1.0,2.6201543088884264e-06,6
SIM-ln,35,1000,1.0,1.3842923435115938e-05,9
SIM-ln,36,1000,1.0,-0.0005069074666271443,1
SIM-ln,37,1000,1.0,0.0010974466565554558,3
SIM-ln,38,1000,1.0,0.019365841867579562,8
SIM-ln,39,1000,1.0,-1.0324187683049886e-06,8
SIM-ln,40,1000,1.0,-4.324441488951721e-06,5
SIM-ln,41,1000,1.0,-9.389215723619728e-06,9
SIM-ln,42,1000,1.0,-2.2221683755154156e-05,6
SIM-ln,43,1000,1.0,0.000384313061487607,4
SIM-ln,44,1000,1.0,0.0019753257962482154,6
SIM-ln,45,1000,1.0,1.52033496216986e-05,8
SIM-ln,46,1000,1.0,0.0002290202343740936,9
SIM-ln,47,1000,1.0,0.04299509470589226,2
SIM-ln,48,1000,1.0,0.0015042432268767406,3
SIM-ln,49,1000,1.0,4.642937826715768e-05,5
SIM-ln,50,1000,1.0,0.001691059133578985,3
SIM-ln,51,1000,1.0,0.0005847163015148338,5
SIM-ln,52,1000,1.0,-2.1664484759212956e-06,9
SIM-ln,53,1000,1.0,0.0029393810526211336,5
SIM-ln,54,1000,1.0,0.016786426767664776,9
SIM-ln,55,1000,1.0,0.002265808693768052,9
SIM-ln,56,1000,1.0,6.328557309032785e-05,7
SIM-ln,57,1000,1.0,0.002012011561948568,5
SIM-ln,58,1000,1.0,0.0013635910160729643,8
SIM-ln,59,1000,1.0,2.7373545911813662e-06,5
SIM-ln,60,1000,1.0,0.002791891626387909,8
SIM-ln,61,1000,1.0,1.1983325942090616e-06,3
SIM-ln,62,1000,1.0,0.002155748361326321,7
SIM-ln,63,1000,1.0,0.020751040145810595,9
SIM-ln,64,1000,1.0,7.837451288428352e-05,9
SIM-ln,65,1000,1.0,0.0074022836237742215,9
SIM-ln,66,1000,1.0,2.8945876046967453e-05,4
SIM-ln,67,1000,1.0,0.010318923038289608,8
SIM-ln,68,1000,1.0,0.0001445712476380865,5
SIM-ln,69,1000,1.0,0.010454340117425055,6
SIM-ln,70,1000,1.0,4.429306427047867e-06,5
SIM-ln,71,1000,1.0,0.00013660312495259168,6
SIM-ln,72,1000,1.0,0.0005425534276371131,3
SIM-ln,73,1000,1.0,0.00035066801840933314,5
SIM-ln,74,1000,1.0,0.008727962131363426,9
SIM-ln,75,1000,1.0,0.0016359287864784909,7
SIM-ln,76,1000,1.0,3.5633310191877442e-06,6
SIM-ln,77,1000,1.0,-3.2947865424271493e-06,9
SIM-ln,78,1000,1.0,0.0007129313712802998,4
SIM-ln,79,1000,1.0,0.002433978777038757,6
SIM-ln,80,1000,1.0,0.014556057440903198,9
SIM-ln,81,1000,1.0,2.6743909957747998e-05,5
SIM-ln,82,1000,1.0,0.00602158316343652,5
SIM-ln,83,1000,1.0,4.748769091501881e-05,3
SIM-ln,84,1000,1.0,-4.333098057785755e-06,5
SIM-ln,85,1000,1.0,-2.343543231289472e-05,9
SIM-ln,86,1000,1.0,0.0005961934304351418,9
SIM-ln,87,1000,1.0,0.0006546860098374665,5
SIM-ln,88,1000,1.0,1.0688288502533112e-06,6
SIM-ln,89,1000,1.0,-5.3985603949477125e-06,5
SIM-ln,90,1000,1.0,6.658197939919618e-05,9
SIM-ln,91,1000,1.0,-2.4103608123284273e-06,5
SIM-ln,92,1000,1.0,-8.555894781459472e-07,3
SIM-ln,93,1000,1.0,0.019559837326594904,8
SIM-ln,94,1000,1.0,-2.655623538564356e-07,3
SIM-ln,95,1000,1.0,2.3774193522246206e-06,3
SIM-ln,96,1000,1.0,0.002753016297260548,5
SIM-ln,97,1000,1.0,2.5080654020972074e-06,3
SIM-ln,98,1000,1.0,0.0008103130942547392,5
SIM-ln,99,1000,1.0,0.0073257604441774055,3
SIM-ln,100,1000,1.0,-7.6561217361208e-06,6
Cha,1,1500,1.0,0.04883487438897863,2
Cha,2,1500,1.0,-0.0027499241964311734,3
Cha,3,1500,1.0,0.0003831723643080327,4
Cha,4,1500,1.0,0.013373462193929049,5
Cha,5,1500,1.0,0.011041439970026719,4
Cha,6,1500,1.0,0.009154097457140182,5
Cha,7,1500,1.0,0.0036900587422531547,2
Cha,8,1500,1.0,0.012129640600136556,4
Cha,9,1500,1.0,0.01127500769952234,2
Cha,10,1500,1.0,-0.0005962483693843284,7
Cha,11,1500,1.0,0.0004015653083136953,5
Cha,12,1500,1.0,0.008465777516181015,4
Cha,13,1500,1.0,-0.005069568986726448,1
Cha,14,1500,1.0,0.0015279651661045334,3
Cha,15,1500,1.0,0.010211435609325817,5
Cha,16,1500,1.0,-0.006641026185487449,1
Cha,17,1500,1.0,-0.0007889181560112881,9
Cha,18,1500,1.0,-0.00046282087280789894,3
Cha,19,1500,1.0,0.005737095591246572,3
Cha,20,1500,1.0,0.004918529766928315,2
Cha,21,1500,1.0,0.0025971467010294097,4
Cha,22,1500,1.0,0.0017821549187513352,3
Cha,23,1500,1.0,-0.0018399529893986218,2
Cha,24,1500,1.0,-0.006325293276142964,9
Cha,25,1500,1.0,0.008855254152947828,5
Cha,26,1500,1.0,0.006333882585037243,3
Cha,27,1500,1.0,-0.007348954171265652,7
Cha,28,1500,1.0,0.0020260833645806215,4
Cha,29,1500,1.0,0.013857760479404105,6
Cha,30,1500,1.0,-0.0006359207504190549,5
Cha,31,1500,1.0,0.010993506534854735,5
Cha,32,1500,1.0,-0.015488685123440923,7
Cha,33,1500,1.0,-0.0022182765782684747,8
Cha,34,1500,1.0,0.008910080649681906,9
Cha,35,1500,1.0,-3.073645560961835e-05,4
Cha,36,1500,1.0,-0.0009685001479984353,4
Cha,37,1500,1.0,-0.014769889251735599,9
Cha,38,1500,1.0,-0.004828539383235065,4
Cha,39,1500,1.0,-0.01765222117614163,6
Cha,40,1500,1.0,0.002802462188582308,1
Cha,41,1500,1.0,0.006005203098858899,3
Cha,42,1500,1.0,0.0021406782309293373,4
Cha,43,1500,1.0,0.017294076802260486,9
Cha,44,1500,1.0,0.00963421621513782,5
Cha,45,1500,1.0,-0.004322333727099217,4
Cha,46,1500,1.0,-0.029208346898214714,2
Cha,47,1500,1.0,0.0077082918704134105,5
Cha,48,1500,1.0,0.009893079219335514,7
Cha,49,1500,1.0,-0.0005104103317919162,4
Cha,50,1500,1.0,-0.0065991069199773204,6
Cha,51,1500,1.0,0.009843548485037209,5
Cha,52,1500,1.0,0.004744390887114,7
Cha,53,1500,1.0,-0.0017594729463956248,9
Cha,54,1500,1.0,0.00026916090029884595,2
Cha,55,1500,1.0,0.0022021484144686405,4
Cha,56,1500,1.0,0.0025253459713243743,4
Cha,57,1500,1.0,-0.005954126230276359,5
Cha,58,1500,1.0,-0.0052544412373464605,7
Cha,59,1500,1.0,0.007506761695269407,8
Cha,60,1500,1.0,0.01637098258301512,4
Cha,61,1500,1.0,0.009814637478212289,2
Cha,62,1500,1.0,-0.0004575960625573139,5
Cha,63,1500,1.0,0.0013323739149139115,5
Cha,64,1500,1.0,-0.0015069221202812892,3
Cha,65,1500,1.0,0.00458395386100674,9
Cha,66,1500,1.0,0.01958822752424001,7
Cha,67,1500,1.0,0.020075856257036517,1
Cha,68,1500,1.0,-0.003804246827463588,9
Cha,69,1500,1.0,0.000950813195631249,6
Cha,70,1500,1.0,0.01883813373458059,5
Cha,71,1500,1.0,-0.011286255961953384,1
Cha,72,1500,1.0,0.006981322128220063,9
Cha,73,1500,1.0,0.005126909189386547,2
Cha,74,1500,1.0,0.001674981484553359,3
Cha,75,1500,1.0,-0.003705906059799549,3
Cha,76,1500,1.0,-0.004607409026775734,3
Cha,77,1500,1.0,0.02226382379516234,2
Cha,78,1500,1.0,0.003137233296889965,1
Cha,79,1500,1.0,0.008275484306309474,8
Cha,80,1500,1.0,0.0044104959398638755,4
Cha,81,1500,1.0,0.0010325762637149799,3
Cha,82,1500,1.0,0.007839940947559965,4
Cha,83,1500,1.0,-0.0005416295675141855,2
Cha,84,1500,1.0,-0.0022295207077218586,3
Cha,85,1500,1.0,0.004516436792533321,3
Cha,86,1500,1.0,-0.0581204628812615,5
Cha,87,1500,1.0,0.015007482907006998,1
Cha,88,1500,1.0,0.05343787163694652,6
Cha,89,1500,1.0,-0.000628504056945436,3
Cha,90,1500,1.0,0.004260546133767665,3
Cha,91,1500,1.0,0.0013184903878892746,3
Cha,92,1500,1.0,-0.0013299702647600166,2
Cha,93,1500,1.0,0.0003580689869319793,5
Cha,94,1500,1.0,0.0035096120482240815,9
Cha,95,1500,1.0,-0.00968540631560329,7
Cha,96,1500,1.0,0.0010814803271371213,6
Cha,97,1500,1.0,-0.005615316690509716,3
Cha,98,1500,1.0,0.020894383371420258,9
Cha,99,1500,1.0,0.0024630303673930185,3
Cha,100,1500,1.0,-0.0018450580001132498,5
Cha,101,1500,1.0,-2.0527442479086793e-05,1
Cha,102,1500,1.0,0.0023187035397520157,5
Cha,103,1500,1.0,0.0016686066637984975,4
Cha,104,1500,1.0,0.01595303740363701,7
Cha,105,1500,1.0,-0.0007773980610571718,5
Cha,106,1500,1.0,-8.624010073245278e-05,3
Cha,107,1500,1.0,0.015386045964818332,2
Cha,108,1500,1.0,-8.358213919878327e-06,2
Cha,109,1500,1.0,0.007037638212323215,4
Cha,110,1500,1.0,-0.002183375573956993,3
Cha,111,1500,1.0,0.00602839551503441,4
Cha,112,1500,1.0,0.0035049421895050606,5
Cha,113,1500,1.0,0.0008107824397037429,2
Cha,114,1500,1.0,-0.0011585905666532856,3
Cha,115,1500,1.0,-0.009965089037868871,9
Cha,116,1500,1.0,0.007730598594002705,3
Cha,117,1500,1.0,0.011746670931930887,4
Cha,118,1500,1.0,-0.030411751251779633,4
Cha,119,1500,1.0,0.004661011852830742,5
Cha,120,1500,1.0,-0.001972834300009982,4
Cha,121,1500,1.0,-0.0021243064268639915,3
Cha,122,1500,1.0,-0.0018320456829662322,4
Cha,123,1500,1.0,-0.012514418887882484,3
Cha,124,1500,1.0,-0.0023165433384894508,9
Cha,125,1500,1.0,-0.0524095003514711,4
Cha,126,1500,1.0,-0.005605517536017294,8
Cha,127,1500,1.0,-0.0001028919070982159,3
Cha,128,1500,1.0,-0.015479459542545666,4
Cha,129,1500,1.0,-0.002467979524841791,3
Cha,130,1500,1.0,0.002707966764342349,3
Cha,131,1500,1.0,-0.004168962430656398,8
Cha,132,1500,1.0,-0.009669495325377458,1
Cha,133,1500,1.0,0.0025820843061399998,5
Cha,134,1500,1.0,0.004739303119041643,6
Cha,135,1500,1.0,0.013747096646712257,2
Cha,136,1500,1.0,-0.0017745955012777135,3
Cha,137,1500,1.0,-0.04182301045867598,6
Cha,138,1500,1.0,-0.0006560754855056456,2
Cha,139,1500,1.0,-0.0014231138014639043,4
Cha,140,1500,1.0,-0.007047818358091115,6
Cha,141,1500,1.0,-0.0027906477662695173,5
Cha,142,1500,1.0,0.0100495694083697,2
Cha,143,1500,1.0,-0.04068893908803725,5
Cha,144,1500,1.0,0.001658688647033375,5
Cha,145,1500,1.0,-0.0007259617302392753,1
Cha,146,1500,1.0,0.006006474075084067,7
Cha,147,1500,1.0,0.01502832497916427,8
Cha,148,1500,1.0,0.005893077685105458,6
Cha,149,1500,1.0,0.007244848360664934,4
Cha,150,1500,1.0,5.819356448486402e-05,7
Cha,151,1500,1.0,-0.007128812805892529,3
Cha,152,1500,1.0,-0.021471589684239185,2
Cha,153,1500,1.0,0.014357314950825404,1
Cha,154,1500,1.0,-0.04489775258342975,5
Cha,155,1500,1.0,0.006085330734793674,2
Cha,156,1500,1.0,0.009343352943479367,1
Cha,157,1500,1.0,-0.002540838933654827,5
Cha,158,1500,1.0,-0.0003473176398169388,3
Cha,159,1500,1.0,-0.007041161264462822,4
Cha,160,1500,1.0,0.005655665979287747,2
Cha,161,1500,1.0,0.015228917294962483,1
Cha,162,1500,1.0,-0.006141865344557077,5
Cha,163,1500,1.0,-3.7490834950247446e-05,1
Cha,164,1500,1.0,0.001339406189005402,6
Cha,165,1500,1.0,0.0022676098017871886,3
Cha,166,1500,1.0,-0.0038897059974662726,2
Cha,167,1500,1.0,-0.0021143643086716382,2
Cha,168,1500,1.0,0.0028937446516735256,8
Cha,169,1500,1.0,0.03910199494523636,4
Cha,170,1500,1.0,0.0004916628084957655,5
Cha,171,1500,1.0,0.0005591197922394289,8
Cha,172,1500,1.0,-0.009086691072460316,3
Cha,173,1500,1.0,5.513748185980924e-05,5
Cha,174,1500,1.0,0.00310615731108834,3
Cha,175,1500,1.0,0.0017553894971647256,2
Cha,176,1500,1.0,0.0017701268357994478,7
Cha,177,1500,1.0,0.011687684173880228,9
Cha,178,1500,1.0,0.00011698993482578326,3
Cha,179,1500,1.0,-7.936100033524617e-05,1
Cha,180,1500,1.0,-0.0011373809079931897,7
Cha,181,1500,1.0,0.0030942229924313443,6
Cha,182,1500,1.0,0.005601117943952795,2
Cha,183,1500,1.0,0.0017410088168260162,3
Cha,184,1500,1.0,0.019825719629460517,2
Cha,185,1500,1.0,-0.0029702999392639175,6
Cha,186,1500,1.0,-0.015888989611708343,6
Cha,187,1500,1.0,-0.048978174858626475,5
Cha,188,1500,1.0,0.015055210386473138,8
Cha,189,1500,1.0,0.02873802622601255,5
Cha,190,1500,1.0,0.0003298630970593381,2
Cha,191,1500,1.0,0.019570752567659704,1
Cha,192,1500,1.0,-0.0004112305280717125,3
Cha,193,1500,1.0,0.006764172149729055,3
Cha,194,1500,1.0,0.00045208171433686745,1
Cha,195,1500,1.0,0.006958702563576603,3
Cha,196,1500,1.0,-0.0005011051694912803,9
Cha,197,1500,1.0,0.0036627193240958283,5
Cha,198,1500,1.0,0.0038481286552742733,3
Cha,199,1500,1.0,-0.016064415989757032,1
Cha,200,1500,1.0,-0.037156854881969244,3
Cha,201,1500,1.0,0.021684480829015133,1
Cha,202,1500,1.0,-0.0028635819703600462,8
Cha,203,1500,1.0,0.01299700082125668,4
Cha,204,1500,1.0,0.006745917707899552,4
Cha,205,1500,1.0,-0.006627658827266843,3
Cha,206,1500,1.0,0.016601648039329668,4
Cha,207,1500,1.0,-0.08875638150750896,5
Cha,208,1500,1.0,0.0025654343141039483,4
Cha,209,1500,1.0,-0.0015733773202300403,3
Cha,210,1500,1.0,0.005007229055615911,4
Cha,211,1500,1.0,0.0019377037759624087,3
Cha,212,1500,1.0,-1.8365369704530795e-05,2
Cha,213,1500,1.0,0.03108744124493594,4
Cha,214,1500,1.0,0.028470570840483347,7
Cha,215,1500,1.0,-0.00647954423479477,6
Cha,216,1500,1.0,0.0011524410977852353,6
Cha,217,1500,1.0,0.005278833908099512,1
Cha,218,1500,1.0,0.005869724123263608,5
Cha,219,1500,1.0,-0.0009332249748098993,1
Cha,220,1500,1.0,0.007578514571511867,1
Cha,221,1500,1.0,-0.026315611824484005,6
Cha,222,1500,1.0,-0.008220292520498801,6
Cha,223,1500,1.0,-0.002716872766923774,4
Cha,224,1500,1.0,-0.002608183144249045,4
Cha,225,1500,1.0,-0.02587059271940272,3
Cha,226,1500,1.0,-0.02908662953514098,8
Cha,227,1500,1.0,0.001777314092147736,5
Cha,228,1500,1.0,0.04041349786614487,8
Cha,229,1500,1.0,0.0012674259560990888,2
Cha,230,1500,1.0,-0.0028307422611218904,4
Cha,231,1500,1.0,0.007036333417064639,1
Cha,232,1500,1.0,0.0011479505365202744,6
Cha,233,1500,1.0,0.00347058427399194,1
Cha,234,1500,1.0,-0.0033309707463852842,2
Cha,235,1500,1.0,0.038240925825404636,9
Cha,236,1500,1.0,-0.0019973618022939045,6
Cha,237,1500,1.0,-0.008915616051030894,6
Cha,238,1500,1.0,-0.0004340185524673288,2
Cha,239,1500,1.0,0.0006862998656979977,5
Cha,240,1500,1.0,-0.004180696642950492,3
Cha,241,1500,1.0,-8.726464516538844e-05,7
Cha,242,1500,1.0,0.007300795436451201,4
Cha,243,1500,1.0,-0.0025941723735758678,9
Cha,244,1500,1.0,0.0006956173617857133,5
Cha,245,1500,1.0,0.002839486189610524,1
Cha,246,1500,1.0,-0.0001408527364974222,2
Cha,247,1500,1.0,0.0003289016083527826,2
Cha,248,1500,1.0,0.0002987047080517647,2
Cha,249,1500,1.0,0.00217993558524931,1
Cha,250,1500,1.0,0.011356612698388877,7
Cha,251,1500,1.0,-0.0016619863956872111,5
Cha,252,1500,1.0,0.0025900739253220603,4
Cha,253,1500,1.0,-0.0077409817070987555,2
Cha,254,1500,1.0,0.006630800527480882,8
Cha,255,1500,1.0,-0.05112050090565484,6
Cha,256,1500,1.0,4.05268759630234e-05,3
Cha,257,1500,1.0,0.0020139247224845534,6
Cha,258,1500,1.0,0.007458797814191534,6
Cha,259,1500,1.0,-0.013492139705355271,3
Cha,260,1500,1.0,0.001818076683602852,3
Cha,261,1500,1.0,0.006389943210794134,3
Cha,262,1500,1.0,-0.0001669621571800092,2
Cha,263,1500,1.0,0.0016994444607142216,4
Cha,264,1500,1.0,-0.013820182204460789,4
Cha,265,1500,1.0,-0.017995326056722653,3
Cha,266,1500,1.0,0.0039487834732148085,3
Cha,267,1500,1.0,-0.0027285603718608725,3
Cha,268,1500,1.0,0.0005202519895966824,5
Cha,269,1500,1.0,0.0006934196281651057,5
Cha,270,1500,1.0,0.0011859964397479999,3
Cha,271,1500,1.0,6.148706866108706e-05,7
Cha,272,1500,1.0,0.000951071484891331,3
Cha,273,1500,1.0,0.013095303121801013,7
Cha,274,1500,1.0,-0.015217292915620191,1
Cha,275,1500,1.0,2.8210989753288743e-05,8
Cha,276,1500,1.0,0.0035512454423105456,4
Cha,277,1500,1.0,0.01983039677025979,1
Cha,278,1500,1.0,0.00756366546344488,3
Cha,279,1500,1.0,-0.001158377010560728,4
Cha,280,1500,1.0,0.043974876080266866,9
Cha,281,1500,1.0,0.05356134561754185,6
Cha,282,1500,1.0,0.007432008998238298,5
Cha,283,1500,1.0,0.0034531368799365658,4
Cha,284,1500,1.0,-0.00871166232075809,6
Cha,285,1500,1.0,0.010397734489617581,2
Cha,286,1500,1.0,0.01169117733285604,3
Cha,287,1500,1.0,-0.0047318600694594565,3
Cha,288,1500,1.0,-0.0018364120389751963,3
Cha,289,1500,1.0,-0.011158614196313393,5
Cha,290,1500,1.0,0.004740933082993604,6
Cha,291,1500,1.0,-0.013648020535598776,3
Cha,292,1500,1.0,0.002373330206107047,1
Cha,293,1500,1.0,0.011628158570114528,9
Cha,294,1500,1.0,0.0006655326929523491,9
Cha,295,1500,1.0,-0.006066856277909991,4
Cha,296,1500,1.0,0.014346733056808749,3
Cha,297,1500,1.0,0.002748247663533621,5
Cha,298,1500,1.0,-0.0001962120708925881,2
Cha,299,1500,1.0,0.0010718350091814648,3
Cha,300,1500,1.0,0.004243615773753937,4
Multi,1,1500,1.0,-0.007462947480614449,4
Multi,2,1500,1.0,0.0012021991703724494,5
Multi,3,1500,1.0,0.041096935427423875,3
Multi,4,1500,1.0,0.07332106810541376,3
Multi,5,1500,1.0,0.005366431670370808,2
Multi,6,1500,1.0,7.659133458511524e-06,1
Multi,7,1500,1.0,0.0010909632035199218,3
Multi,8,1500,1.0,0.011428828539283974,4
Multi,9,1500,1.0,0.002725339125712039,7
Multi,10,1500,1.0,0.01974259204381393,9
Multi,11,1500,1.0,0.0028253716250922984,3
Multi,12,1500,1.0,-0.0014072040799658434,5
Multi,13,1500,1.0,0.06074016940022788,2
Multi,14,1500,1.0,0.01216978084343161,7
Multi,15,1500,1.0,-0.0025402067083220015,7
Multi,16,1500,1.0,0.00983275575297021,2
Multi,17,1500,1.0,0.011284734731985324,4
Multi,18,1500,1.0,-0.0003591144803433057,4
Multi,19,1500,1.0,0.004394660910503827,7
Multi,20,1500,1.0,0.01655371311074096,2
Multi,21,1500,1.0,0.022281933354530895,2
Multi,22,1500,1.0,0.0010164166222578742,7
Multi,23,1500,1.0,0.015713475477796116,3
Multi,24,1500,1.0,0.003914090186387631,5
Multi,25,1500,1.0,0.0011092954076141657,4
Multi,26,1500,1.0,0.021672496472778136,9
Multi,27,1500,1.0,0.01821642284923976,5
Multi,28,1500,1.0,0.0025517064871298546,5
Multi,29,1500,1.0,0.002275136272335245,6
Multi,30,1500,1.0,0.04009373361607499,3
Multi,31,1500,1.0,-1.0620994386070925e-07,4
Multi,32,1500,1.0,0.02241314651751943,6
Multi,33,1500,1.0,0.005002323128491078,5
Multi,34,1500,1.0,-1.4837371697684642e-06,2
Multi,35,1500,1.0,0.05172981967058217,3
Multi,36,1500,1.0,0.053742958229070874,5
Multi,37,1500,1.0,9.452632346278731e-05,5
Multi,38,1500,1.0,0.055084184582768085,2
Multi,39,1500,1.0,0.0027743801422843556,3
Multi,40,1500,1.0,0.024455388011847476,9
Multi,41,1500,1.0,0.03306876003142211,7
Multi,42,1500,1.0,0.03573068624538428,9
Multi,43,1500,1.0,0.024237560423396892,7
Multi,44,1500,1.0,-0.00022189646395424402,6
Multi,45,1500,1.0,-0.00030596275545256846,9
Multi,46,1500,1.0,0.017626462387230053,2
Multi,47,1500,1.0,0.06027059715996581,3
Multi,48,1500,1.0,-0.007492919975521626,3
Multi,49,1500,1.0,0.016104192287239666,2
Multi,50,1500,1.0,0.025294506959313443,6
Multi,51,1500,1.0,0.015545384513852123,2
Multi,52,1500,1.0,0.012269981209075319,8
Multi,53,1500,1.0,0.03850006057104152,3
Multi,54,1500,1.0,0.0030606788751317317,5
Multi,55,1500,1.0,-0.0004284340948244548,4
Multi,56,1500,1.0,0.03055848162375917,4
Multi,57,1500,1.0,0.028749144824540742,7
Multi,58,1500,1.0,0.05278718277973807,6
Multi,59,1500,1.0,0.0005793238705090928,6
Multi,60,1500,1.0,0.07686665313405537,2
Multi,61,1500,1.0,0.006370099144566375,6
Multi,62,1500,1.0,0.0015707578099196872,7
Multi,63,1500,1.0,0.006027221106941608,5
Multi,64,1500,1.0,0.032837552705919634,9
Multi,65,1500,1.0,0.0021733324984934436,8
Multi,66,1500,1.0,0.02263765475292113,5
Multi,67,1500,1.0,0.008453914513730792,4
Multi,68,1500,1.0,2.219244156010492e-05,6
Multi,69,1500,1.0,0.022216462203492555,5
Multi,70,1500,1.0,0.04484886625524427,6
Multi,71,1500,1.0,0.016213887861791263,2
Multi,72,1500,1.0,0.015040485365390018,1
Multi,73,1500,1.0,0.045621006258484684,3
Multi,74,1500,1.0,0.0003347900003964916,6
Multi,75,1500,1.0,0.030277619997324357,9
Multi,76,1500,1.0,0.005412025574244974,7
Multi,77,1500,1.0,0.03508404057376637,6
Multi,78,1500,1.0,-0.007945247292868957,7
Multi,79,1500,1.0,0.016468917397584007,9
Multi,80,1500,1.0,0.003518241527107247,6
Multi,81,1500,1.0,-7.703114759395591e-05,5
Multi,82,1500,1.0,0.022012881749305033,8
Multi,83,1500,1.0,0.013221346841145263,8
Multi,84,1500,1.0,0.0007903451980696913,3
Multi,85,1500,1.0,0.01779370538668903,2
Multi,86,1500,1.0,0.0004311252656162652,4
Multi,87,1500,1.0,0.003606414227582804,5
Multi,88,1500,1.0,0.0006333361471263944,8
Multi,89,1500,1.0,0.011942916639742934,5
Multi,90,1500,1.0,-0.014425498459880719,5
Multi,91,1500,1.0,0.001299137016716496,2
Multi,92,1500,1.0,0.013593462700709536,5
Multi,93,1500,1.0,1.4572949182142141e-05,1
Multi,94,1500,1.0,0.0002325466235072681,8
Multi,95,1500,1.0,0.008432536049921545,5
Multi,96,1500,1.0,0.013640074941505464,5
Multi,97,1500,1.0,4.092999081210687e-08,3
Multi,98,1500,1.0,0.00019731750383350554,6
Multi,99,1500,1.0,0.004400311576553725,4
Multi,100,1500,1.0,0.011620728227724704,9
Multi,101,1500,1.0,0.0027001169406092682,5
Multi,102,1500,1.0,0.07330715707938248,2
Multi,103,1500,1.0,0.003266733994947482,2
Multi,104,1500,1.0,1.3580690367512413e-05,7
Multi,105,1500,1.0,0.024466302905674572,4
Multi,106,1500,1.0,0.04893804079979225,3
Multi,107,1500,1.0,0.00015007703585775208,3
Multi,108,1500,1.0,0.032797158733749734,6
Multi,109,1500,1.0,0.013810925104641967,5
Multi,110,1500,1.0,0.00419341259761034,3
Multi,111,1500,1.0,0.04804674245420472,5
Multi,112,1500,1.0,0.013317459099612898,2
Multi,113,1500,1.0,0.07455034923737514,1
Multi,114,1500,1.0,0.04854244518646064,7
Multi,115,1500,1.0,8.864876290443991e-05,6
Multi,116,1500,1.0,0.003617698022149244,6
Multi,117,1500,1.0,-0.004856116356490855,5
Multi,118,1500,1.0,0.0007769121920412386,7
Multi,119,1500,1.0,0.003462576745573624,5
Multi,120,1500,1.0,0.000344032368202735,3
Multi,121,1500,1.0,0.012735158498304354,6
Multi,122,1500,1.0,0.010514267031833618,4
Multi,123,1500,1.0,0.05324330979828127,4
Multi,124,1500,1.0,0.01422855920104304,3
Multi,125,1500,1.0,0.05336620520411191,2
Multi,126,1500,1.0,0.013523988846999594,2
Multi,127,1500,1.0,0.016723772747270077,2
Multi,128,1500,1.0,-0.00019065641580150346,1
Multi,129,1500,1.0,0.0057676131435309835,6
Multi,130,1500,1.0,0.021461200168338822,1
Multi,131,1500,1.0,0.06900721490373554,2
Multi,132,1500,1.0,-0.0007383856883799288,3
Multi,133,1500,1.0,0.020562326008763933,1
Multi,134,1500,1.0,-0.005131823261182042,6
Multi,135,1500,1.0,-0.00323951514579412,5
Multi,136,1500,1.0,0.007129595505304657,4
Multi,137,1500,1.0,0.024512643665426815,7
Multi,138,1500,1.0,0.021292334817327507,2
Multi,139,1500,1.0,0.013424453233986769,7
Multi,140,1500,1.0,-0.004236856209633325,5
Multi,141,1500,1.0,-7.649293558694708e-07,3
Multi,142,1500,1.0,0.00042582552738663643,7
Multi,143,1500,1.0,-1.369797033831232e-05,2
Multi,144,1500,1.0,0.017402182667287668,1
Multi,145,1500,1.0,-0.0007855388212927236,3
Multi,146,1500,1.0,-1.9812684169668774e-05,5
Multi,147,1500,1.0,0.00812085657444222,8
Multi,148,1500,1.0,-1.7666293948927973e-05,4
Multi,149,1500,1.0,0.01610263065500356,5
Multi,150,1500,1.0,0.0313351869649781,7
Multi,151,1500,1.0,-6.866823075595647e-05,8
Multi,152,1500,1.0,0.016330351429072403,3
Multi,153,1500,1.0,-0.007122460045101663,8
Multi,154,1500,1.0,0.028632998679748972,9
Multi,155,1500,1.0,0.00041320655244961053,5
Multi,156,1500,1.0,0.00718610613202811,8
Multi,157,1500,1.0,0.004041029949155834,3
Multi,158,1500,1.0,0.04274512814515377,6
Multi,159,1500,1.0,0.030240969984461304,7
Multi,160,1500,1.0,0.04133539920737397,9
Multi,161,1500,1.0,0.00014011445931426283,3
Multi,162,1500,1.0,0.006176302844303656,3
Multi,163,1500,1.0,-0.014201434134070628,7
Multi,164,1500,1.0,0.060102636923186084,8
Multi,165,1500,1.0,0.019169103908627784,2
Multi,166,1500,1.0,0.004547071118803498,6
Multi,167,1500,1.0,0.004536040841274548,9
Multi,168,1500,1.0,0.06227572069540921,2
Multi,169,1500,1.0,0.009367233163764907,5
Multi,170,1500,1.0,0.04342488147405084,7
Multi,171,1500,1.0,0.056774621132023244,6
Multi,172,1500,1.0,-0.00011269565212254813,3
Multi,173,1500,1.0,6.252498470844944e-05,5
Multi,174,1500,1.0,0.03394551817135047,8
Multi,175,1500,1.0,0.027310235743763234,7
Multi,176,1500,1.0,0.04170453872601029,4
Multi,177,1500,1.0,0.04686864080248647,5
Multi,178,1500,1.0,0.011177057028665303,4
Multi,179,1500,1.0,0.0488189613482018,2
Multi,180,1500,1.0,0.0014073200336090115,5
Multi,181,1500,1.0,0.029586255980425254,5
Multi,182,1500,1.0,0.02345894963907623,3
Multi,183,1500,1.0,0.032084502628034264,5
Multi,184,1500,1.0,0.018441022368890368,2
Multi,185,1500,1.0,8.037112112875794e-05,2
Multi,186,1500,1.0,0.02452466779293097,7
Multi,187,1500,1.0,0.004457244254148778,6
Multi,188,1500,1.0,0.005506133998603119,5
Multi,189,1500,1.0,0.007958915922867286,2
Multi,190,1500,1.0,0.05612678088408735,2
Multi,191,1500,1.0,0.011923716042860535,2
Multi,192,1500,1.0,0.021816844772159893,5
Multi,193,1500,1.0,0.0037888993239897114,5
Multi,194,1500,1.0,0.04186003103145547,9
Multi,195,1500,1.0,0.0028673072235434974,2
Multi,196,1500,1.0,0.013374801778765082,6
Multi,197,1500,1.0,0.00025675754257089775,5
Multi,198,1500,1.0,-0.001202800063408612,6
Multi,199,1500,1.0,0.05094452503011788,6
Multi,200,1500,1.0,-1.407129162428069e-12,1
Multi,201,1500,1.0,0.015172651122387203,2
Multi,202,1500,1.0,-0.010213878044843916,3
Multi,203,1500,1.0,0.02141091690511262,2
Multi,204,1500,1.0,0.050560827471405764,7
Multi,205,1500,1.0,0.006308716726237623,8
Multi,206,1500,1.0,0.04915909227092988,5
Multi,207,1500,1.0,0.00090147233575934,5
Multi,208,1500,1.0,0.00025888342858464315,8
Multi,209,1500,1.0,-0.00031843706345134094,2
Multi,210,1500,1.0,0.00822545026426541,5
Multi,211,1500,1.0,0.0057484355897862195,6
Multi,212,1500,1.0,0.027900351667285234,4
Multi,213,1500,1.0,0.043210042452932806,3
Multi,214,1500,1.0,0.02339965171376373,3
Multi,215,1500,1.0,0.01817862586119099,2
Multi,216,1500,1.0,0.020790761239462455,8
Multi,217,1500,1.0,0.00471983088816831,9
Multi,218,1500,1.0,0.04673460516686915,8
Multi,219,1500,1.0,-0.0003070097303302364,1
Multi,220,1500,1.0,0.003172603247263271,3
Multi,221,1500,1.0,0.037400385866909996,9
Multi,222,1500,1.0,0.006779979051129611,5
Multi,223,1500,1.0,0.049876840395788324,7
Multi,224,1500,1.0,0.024349978363745636,9
Multi,225,1500,1.0,0.0299311197843849,7
Multi,226,1500,1.0,0.00018086461579616014,5
Multi,227,1500,1.0,0.07040507594412611,2
Multi,228,1500,1.0,0.048817384454061426,4
Multi,229,1500,1.0,-0.0016725956650479271,4
Multi,230,1500,1.0,0.026217697318856176,5
Multi,231,1500,1.0,0.009957167431649693,3
Multi,232,1500,1.0,0.014729952732817957,3
Multi,233,1500,1.0,0.012913822927521855,4
Multi,234,1500,1.0,-0.0005347146698112745,4
Multi,235,1500,1.0,0.0068199519124499215,5
Multi,236,1500,1.0,0.05608352871848752,7
Multi,237,1500,1.0,-1.8874638903901893e-06,5
Multi,238,1500,1.0,0.06383653781901431,6
Multi,239,1500,1.0,-0.0028151331482480797,3
Multi,240,1500,1.0,0.0030140230712006762,3
Multi,241,1500,1.0,0.009130697155048596,3
Multi,242,1500,1.0,0.0281682024142274,6
Multi,243,1500,1.0,0.039900487646330425,9
Multi,244,1500,1.0,0.0009716144566038563,8
Multi,245,1500,1.0,0.03284575921421394,9
Multi,246,1500,1.0,0.005021511458938006,9
Multi,247,1500,1.0,0.028685523443458386,4
Multi,248,1500,1.0,0.016567809005029098,4
Multi,249,1500,1.0,-0.005193352205057122,5
Multi,250,1500,1.0,0.0296623726374605,2
Multi,251,1500,1.0,0.021725706425884228,4
Multi,252,1500,1.0,0.001976167137058069,5
Multi,253,1500,1.0,0.0078669288151322,3
Multi,254,1500,1.0,0.00994409149735865,4
Multi,255,1500,1.0,0.010698607502043435,6
Multi,256,1500,1.0,0.011751651954861646,2
Multi,257,1500,1.0,0.0059037043074499805,4
Multi,258,1500,1.0,0.02779990878916423,8
Multi,259,1500,1.0,0.00010134725899080147,5
Multi,260,1500,1.0,0.05041802457251427,2
Multi,261,1500,1.0,0.016660306714149174,2
Multi,262,1500,1.0,0.012523350720050565,3
Multi,263,1500,1.0,0.003793905621619721,5
Multi,264,1500,1.0,-0.0006809987395055735,3
Multi,265,1500,1.0,6.384034825668912e-05,3
Multi,266,1500,1.0,0.010777409964717533,3
Multi,267,1500,1.0,-0.009982853434131965,3
Multi,268,1500,1.0,0.023046793644598808,5
Multi,269,1500,1.0,-2.5469651714769115e-05,3
Multi,270,1500,1.0,0.029103307199621814,4
Multi,271,1500,1.0,0.07406673760411676,2
Multi,272,1500,1.0,0.040299833454812826,7
Multi,273,1500,1.0,0.015207602268833085,5
Multi,274,1500,1.0,0.03283692801749408,7
Multi,275,1500,1.0,0.0022468354281949643,8
Multi,276,1500,1.0,0.07316404822408776,2
Multi,277,1500,1.0,0.02098081188092045,2
Multi,278,1500,1.0,0.02101967420583539,3
Multi,279,1500,1.0,0.032904281176348193,9
Multi,280,1500,1.0,0.0025277465486358945,5
Multi,281,1500,1.0,0.014483434055827133,2
Multi,282,1500,1.0,1.5111286937034325e-05,8
Multi,283,1500,1.0,0.005705344780832173,7
Multi,284,1500,1.0,-0.002585347147057694,4
Multi,285,1500,1.0,0.005671986965678572,8
Multi,286,1500,1.0,0.01834123566588781,2
Multi,287,1500,1.0,0.009723204444925884,2
Multi,288,1500,1.0,0.02410774373305051,5
Multi,289,1500,1.0,0.0012548660112211502,8
Multi,290,1500,1.0,0.014145688320282995,4
Multi,291,1500,1.0,0.0030592070147357625,5
Multi,292,1500,1.0,0.020584521858294028,2
Multi,293,1500,1.0,0.06290502939181761,3
Multi,294,1500,1.0,-0.0008345853986338157,5
Multi,295,1500,1.0,0.027642535617986994,9
Multi,296,1500,1.0,-0.006736071451773648,3
Multi,297,1500,1.0,0.00013405296907388706,2
Multi,298,1500,1.0,0.04012637094564461,7
Multi,299,1500,1.0,0.012138386218067973,3
Multi,300,1500,1.0,0.009772457003042356,9
Net,1,1500,1.0,-2.028730094543992e-05,5
Net,2,1500,1.0,0.0008880997448006659,5
Net,3,1500,1.0,0.012280555833244299,8
Net,4,1500,1.0,0.00407488331677559,2
Net,5,1500,1.0,-0.001129917835202665,5
Net,6,1500,1.0,0.006751411191771202,7
Net,7,1500,1.0,-0.0036589034188865967,2
Net,8,1500,1.0,0.007564732962718111,7
Net,9,1500,1.0,0.0003728197754953172,6
Net,10,1500,1.0,0.00012834147440722945,5
Net,11,1500,1.0,0.00039510451031040186,5
Net,12,1500,1.0,0.038558807330257946,4
Net,13,1500,1.0,0.0027357681639071122,3
Net,14,1500,1.0,-0.000227789535385714,3
Net,15,1500,1.0,-0.0003029606874021361,3
Net,16,1500,1.0,0.0048083227963550135,4
Net,17,1500,1.0,0.006775324102826698,9
Net,18,1500,1.0,0.012339088772191262,7
Net,19,1500,1.0,0.006066118140512024,8
Net,20,1500,1.0,0.017657030552626275,8
Net,21,1500,1.0,0.00037276872539964735,4
Net,22,1500,1.0,-0.00047228251756260223,6
Net,23,1500,1.0,-0.00044035021640181134,4
Net,24,1500,1.0,-0.0003089154676177018,5
Net,25,1500,1.0,0.009169365786111062,9
Net,26,1500,1.0,0.0026864148425977327,4
Net,27,1500,1.0,0.00011179865684887139,9
Net,28,1500,1.0,0.022996938449542544,3
Net,29,1500,1.0,0.024762107782163464,4
Net,30,1500,1.0,6.486032985660324e-05,5
Net,31,1500,1.0,0.017227829754940673,8
Net,32,1500,1.0,-8.412499618193678e-05,9
Net,33,1500,1.0,0.0013463984907545624,6
Net,34,1500,1.0,0.019558689542043012,5
Net,35,1500,1.0,0.0068691095551026565,5
Net,36,1500,1.0,-0.0020948840766301935,2
Net,37,1500,1.0,0.003329740826005707,6
Net,38,1500,1.0,-0.0013999475758989868,3
Net,39,1500,1.0,0.030723743201984687,9
Net,40,1500,1.0,0.008505921047429286,7
Net,41,1500,1.0,0.016970655567784036,8
Net,42,1500,1.0,0.000220784448269173,4
Net,43,1500,1.0,-0.00013679928366736082,2
Net,44,1500,1.0,0.0017250903505544608,3
Net,45,1500,1.0,0.00862697241047057,5
Net,46,1500,1.0,0.0009336737232784756,4
Net,47,1500,1.0,-0.0008407663835433982,7
Net,48,1500,1.0,-0.005582428646533881,5
Net,49,1500,1.0,0.0027484335870732414,3
Net,50,1500,1.0,0.007664324934707861,2
Net,51,1500,1.0,0.010126235846063206,5
Net,52,1500,1.0,0.008481570512618754,6
Net,53,1500,1.0,0.003405724485846166,4
Net,54,1500,1.0,0.005726235673580758,8
Net,55,1500,1.0,0.013858010455380319,4
Net,56,1500,1.0,0.0017298090558090526,8
Net,57,1500,1.0,0.003946059607909654,9
Net,58,1500,1.0,0.013052890443859572,8
Net,59,1500,1.0,0.0029063325817842815,4
Net,60,1500,1.0,0.012392341487401284,9
Net,61,1500,1.0,-0.0004244238920105021,3
Net,62,1500,1.0,0.016188056861364476,7
Net,63,1500,1.0,0.011750591373142641,8
Net,64,1500,1.0,0.003142390909859424,5
Net,65,1500,1.0,0.00046983091430761147,4
Net,66,1500,1.0,-0.0006062757367706383,9
Net,67,1500,1.0,-0.0012919125003325429,2
Net,68,1500,1.0,0.0004395874152747541,7
Net,69,1500,1.0,-0.0018189801224116516,6
Net,70,1500,1.0,0.0010405805469382596,5
Net,71,1500,1.0,0.004714268692914402,7
Net,72,1500,1.0,-0.004258188663413891,5
Net,73,1500,1.0,-0.0015647678328150677,5
Net,74,1500,1.0,0.009687024308573971,6
Net,75,1500,1.0,0.0033102639398362903,6
Net,76,1500,1.0,0.005265623451171433,8
Net,77,1500,1.0,0.0003100174574929362,4
Net,78,1500,1.0,0.004589932818263082,5
Net,79,1500,1.0,0.001898534549465284,7
Net,80,1500,1.0,-0.00041188206129180727,3
Net,81,1500,1.0,-0.00032682051754112185,5
Net,82,1500,1.0,-0.001631723585163409,4
Net,83,1500,1.0,0.0001243508989417965,7
Net,84,1500,1.0,0.0011462977964866589,3
Net,85,1500,1.0,-0.0007531672450340841,6
Net,86,1500,1.0,-0.0006953880716206078,5
Net,87,1500,1.0,0.0008057400356423373,4
Net,88,1500,1.0,0.014386019993166235,4
Net,89,1500,1.0,0.01749209541803378,6
Net,90,1500,1.0,-0.000966425371734591,5
Net,91,1500,1.0,0.0013231420996981883,7
Net,92,1500,1.0,3.075841871361982e-05,4
Net,93,1500,1.0,-5.718491670848045e-05,5
Net,94,1500,1.0,0.008625838626606864,4
Net,95,1500,1.0,0.002511587497330204,7
Net,96,1500,1.0,-5.9281873274093884e-05,6
Net,97,1500,1.0,0.008257437082268653,8
Net,98,1500,1.0,0.0054049661689339334,6
Net,99,1500,1.0,7.606360540116965e-05,5
Net,100,1500,1.0,0.0003282983477256316,4
Net,101,1500,1.0,0.0008114767146855471,4
Net,102,1500,1.0,-1.3886718695117052e-05,5
Net,103,1500,1.0,0.009517511971041203,9
Net,104,1500,1.0,0.006965880710307826,6
Net,105,1500,1.0,0.017405239445234522,2
Net,106,1500,1.0,0.002627192743741631,6
Net,107,1500,1.0,0.0026187960688071324,6
Net,108,1500,1.0,0.014575990744724512,4
Net,109,1500,1.0,-0.00034087640446526265,9
Net,110,1500,1.0,0.005046353339820131,4
Net,111,1500,1.0,0.0016064195922485692,7
Net,112,1500,1.0,-0.0010942526850920564,7
Net,113,1500,1.0,0.002253487443199428,4
Net,114,1500,1.0,0.006840970766254987,6
Net,115,1500,1.0,0.00024800682776996753,4
Net,116,1500,1.0,-0.0001098670602442416,5
Net,117,1500,1.0,0.07954855986640581,5
Net,118,1500,1.0,0.021244976030641398,8
Net,119,1500,1.0,-1.2867123834828633e-05,9
Net,120,1500,1.0,0.01949509895120427,6
Net,121,1500,1.0,0.0006427415601660443,5
Net,122,1500,1.0,0.0022794219724430586,3
Net,123,1500,1.0,0.0014660582673098367,6
Net,124,1500,1.0,0.010362768606691419,5
Net,125,1500,1.0,0.00015988653253838116,1
Net,126,1500,1.0,8.941009046611501e-05,8
Net,127,1500,1.0,0.0011783603620371856,3
Net,128,1500,1.0,0.0011578686525034903,4
Net,129,1500,1.0,-0.0009760768046216195,7
Net,130,1500,1.0,1.0886140662217866e-05,8
Net,131,1500,1.0,-0.00010706077872357767,5
Net,132,1500,1.0,0.01670254906168623,5
Net,133,1500,1.0,4.3702272386037075e-05,5
Net,134,1500,1.0,0.0008841365346677702,9
Net,135,1500,1.0,0.0008440254428094378,9
Net,136,1500,1.0,0.015372936583543271,6
Net,137,1500,1.0,0.001065472604565541,6
Net,138,1500,1.0,0.0001405231416801825,4
Net,139,1500,1.0,0.0054469714007662935,4
Net,140,1500,1.0,-0.00555232202655327,2
Net,141,1500,1.0,0.005912627110877372,5
Net,142,1500,1.0,0.002039821531013161,1
Net,143,1500,1.0,-0.000119497097980057,2
Net,144,1500,1.0,0.013712401374567137,6
Net,145,1500,1.0,0.003337860606688694,5
Net,146,1500,1.0,-0.003136395776487484,4
Net,147,1500,1.0,-0.002134347883089727,3
Net,148,1500,1.0,0.01162100002591787,6
Net,149,1500,1.0,0.014973484024160013,6
Net,150,1500,1.0,0.002827273334833633,9
Net,151,1500,1.0,0.0007653354527724313,6
Net,152,1500,1.0,-0.00016681417159274342,7
Net,153,1500,1.0,0.007571016493069107,7
Net,154,1500,1.0,0.0018081012480027862,5
Net,155,1500,1.0,0.010172030268454878,8
Net,156,1500,1.0,0.0007696557164097351,6
Net,157,1500,1.0,0.004017980323722006,5
Net,158,1500,1.0,-0.002571341175069025,2
Net,159,1500,1.0,-0.0021643427294354457,4
Net,160,1500,1.0,9.191343503987476e-06,1
Net,161,1500,1.0,0.0012674267733168035,9
Net,162,1500,1.0,0.009201886827925963,9
Net,163,1500,1.0,0.0001230658458485661,3
Net,164,1500,1.0,0.006852951629556519,9
Net,165,1500,1.0,-0.0017437731908979091,2
Net,166,1500,1.0,0.003977718140877719,7
Net,167,1500,1.0,-0.0004906183667062044,3
Net,168,1500,1.0,-3.963548922494755e-06,4
Net,169,1500,1.0,0.0006808515923031628,3
Net,170,1500,1.0,-0.0002186004668040158,9
Net,171,1500,1.0,0.007217782651588978,2
Net,172,1500,1.0,2.2973085630905604e-05,9
Net,173,1500,1.0,0.007057032859275007,5
Net,174,1500,1.0,0.002351549603109294,8
Net,175,1500,1.0,0.005194074264854505,6
Net,176,1500,1.0,0.014097164012665208,4
Net,177,1500,1.0,0.004945011155492913,3
Net,178,1500,1.0,0.0005089331565885829,6
Net,179,1500,1.0,0.009678493812703234,5
Net,180,1500,1.0,0.0025766742684723565,4
Net,181,1500,1.0,0.0029435314142888264,4
Net,182,1500,1.0,0.00624583674568779,6
Net,183,1500,1.0,0.004594914204310098,6
Net,184,1500,1.0,0.005186836393348278,4
Net,185,1500,1.0,0.0005918455391717699,7
Net,186,1500,1.0,0.0016765737048336886,3
Net,187,1500,1.0,0.0012798886227119617,6
Net,188,1500,1.0,0.0030609101735693048,2
Net,189,1500,1.0,0.0028438126002626116,4
Net,190,1500,1.0,0.01916980549101254,5
Net,191,1500,1.0,-7.901885770679462e-05,4
Net,192,1500,1.0,0.0047645947448471775,6
Net,193,1500,1.0,0.008943906343981487,7
Net,194,1500,1.0,0.00450537589392749,6
Net,195,1500,1.0,-0.0006725389225437622,4
Net,196,1500,1.0,0.006979745836275419,7
Net,197,1500,1.0,-1.3960005599445693e-05,9
Net,198,1500,1.0,-0.0001014506171487144,7
Net,199,1500,1.0,0.008226707773282247,4
Net,200,1500,1.0,0.00020409628559732852,5
Net,201,1500,1.0,0.003815738145834205,4
Net,202,1500,1.0,-0.00017681830254479393,1
Net,203,1500,1.0,-0.0027415820955124254,3
Net,204,1500,1.0,-0.0028463760641500692,2
Net,205,1500,1.0,0.01195622948817162,6
Net,206,1500,1.0,-0.0008070355005070232,5
Net,207,1500,1.0,-0.0019061849033443264,4
Net,208,1500,1.0,0.0011344131568228784,2
Net,209,1500,1.0,0.011772716230175468,4
Net,210,1500,1.0,0.0070083012487803745,6
Net,211,1500,1.0,-0.0015481581426522693,4
Net,212,1500,1.0,0.001344493646448744,8
Net,213,1500,1.0,0.0008085020203163951,5
Net,214,1500,1.0,-0.0003503292392392618,5
Net,215,1500,1.0,0.02639577428283353,9
Net,216,1500,1.0,0.010643759435364272,2
Net,217,1500,1.0,0.0025426882162409613,2
Net,218,1500,1.0,0.00036938673206057294,5
Net,219,1500,1.0,0.004234043961701326,3
Net,220,1500,1.0,1.637325390009721e-06,2
Net,221,1500,1.0,0.0001950713256833347,3
Net,222,1500,1.0,0.011293300009003096,3
Net,223,1500,1.0,8.42766265474284e-05,4
Net,224,1500,1.0,0.012159813501010384,4
Net,225,1500,1.0,0.0084844229218298,4
Net,226,1500,1.0,-0.003176039435689903,4
Net,227,1500,1.0,0.0032934100566584645,3
Net,228,1500,1.0,-0.0004988492533310115,3
Net,229,1500,1.0,0.005193180382543002,4
Net,230,1500,1.0,0.00303785137569355,6
Net,231,1500,1.0,0.003484068630920467,6
Net,232,1500,1.0,0.018937292699415163,3
Net,233,1500,1.0,-0.0008142272138412839,6
Net,234,1500,1.0,0.004206670732965923,2
Net,235,1500,1.0,-8.672162176026784e-05,3
Net,236,1500,1.0,0.009433258658013114,9
Net,237,1500,1.0,0.0009217012751672219,6
Net,238,1500,1.0,0.006406657361356205,3
Net,239,1500,1.0,0.027929425569405312,5
Net,240,1500,1.0,0.002909982215004517,4
Net,241,1500,1.0,0.014028521260604464,8
Net,242,1500,1.0,-0.0017469159723092955,5
Net,243,1500,1.0,0.008937033578093258,6
Net,244,1500,1.0,0.005413972170527777,7
Net,245,1500,1.0,-0.0010906347458255645,5
Net,246,1500,1.0,0.004865869550104495,2
Net,247,1500,1.0,-8.78592347448951e-05,7
Net,248,1500,1.0,0.05522334342131903,2
Net,249,1500,1.0,0.019294202081472974,6
Net,250,1500,1.0,0.0028205466178534604,6
Net,251,1500,1.0,0.010546670503594941,6
Net,252,1500,1.0,0.001679676170752182,7
Net,253,1500,1.0,-0.0004966606209299909,4
Net,254,1500,1.0,0.00014374821604127034,4
Net,255,1500,1.0,0.001322932302307049,7
Net,256,1500,1.0,0.01887691803957217,7
Net,257,1500,1.0,7.502497131377662e-05,7
Net,258,1500,1.0,0.03488796429788824,9
Net,259,1500,1.0,0.000855344544228404,2
Net,260,1500,1.0,-7.17408825503951e-07,7
Net,261,1500,1.0,0.009661788220964005,5
Net,262,1500,1.0,0.0002784575803396717,9
Net,263,1500,1.0,0.004780136585126167,4
Net,264,1500,1.0,-0.0032090596224036523,8
Net,265,1500,1.0,-0.0008157674632611068,3
Net,266,1500,1.0,-0.003570594862308844,5
Net,267,1500,1.0,-0.00019357094721339572,8
Net,268,1500,1.0,-0.0016855677408910592,5
Net,269,1500,1.0,0.0031084230904904232,6
Net,270,1500,1.0,0.013675180929473115,6
Net,271,1500,1.0,-8.281829277051415e-05,7
Net,272,1500,1.0,2.0419824442189972e-05,4
Net,273,1500,1.0,0.0007226415588622004,8
Net,274,1500,1.0,0.0014977772200463757,5
Net,275,1500,1.0,-2.4626863636635708e-05,2
Net,276,1500,1.0,0.03763544344076268,9
Net,277,1500,1.0,0.0005438225834593854,1
Net,278,1500,1.0,-0.0003592435996501789,4
Net,279,1500,1.0,-0.004609467822438034,7
Net,280,1500,1.0,0.002746870131852119,3
Net,281,1500,1.0,-0.00375524549020014,8
Net,282,1500,1.0,0.0019359163055915818,4
Net,283,1500,1.0,0.013625217380868275,5
Net,284,1500,1.0,0.00028830377020129376,1
Net,285,1500,1.0,0.0009810713855793454,2
Net,286,1500,1.0,0.008918281795429304,5
Net,287,1500,1.0,-0.002861104766757957,4
Net,288,1500,1.0,0.030507116273437704,3
Net,289,1500,1.0,0.005600639272473067,5
Net,290,1500,1.0,0.00013045976847839076,9
Net,291,1500,1.0,0.0036090699398826035,5
Net,292,1500,1.0,7.368469805902638e-06,9
Net,293,1500,1.0,-0.0006614955859002118,5
Net,294,1500,1.0,0.0004372150438378225,8
Net,295,1500,1.0,-8.303805209648697e-05,5
Net,296,1500,1.0,0.003748104478722116,9
Net,297,1500,1.0,-0.00022799242016397262,8
Net,298,1500,1.0,0.0006720448711093428,2
Net,299,1500,1.0,0.006593889270524759,9
Net,300,1500,1.0,0.006666446712106548,7
Tuebingen,1,349,0.166,0.0009129954091039753,1
Tuebingen,2,349,0.166,-0.011517605733760997,1
Tuebingen,3,349,0.167,0.03728570043100566,1
Tuebingen,4,349,0.166,-0.015490119683793286,2
Tuebingen,5,4177,0.143,-0.002928874550681493,6
Tuebingen,6,4177,0.143,-0.0024219531714786456,5
Tuebingen,7,4177,0.143,-0.0035531809129342017,6
Tuebingen,8,4177,0.143,0.007531985338902128,2
Tuebingen,9,4177,0.143,-0.00884630826272679,8
Tuebingen,10,4177,0.143,-0.005226709834531775,6
Tuebingen,11,4177,0.142,-0.0037565829220894027,5
Tuebingen,12,5000,0.5,0.023911497813005674,9
Tuebingen,13,392,0.25,0.0017798221221063167,8
Tuebingen,14,392,0.25,-0.001673165214733898,7
Tuebingen,15,392,0.25,-0.0008991468148599104,5
Tuebingen,16,392,0.25,0.005172241765813837,5
Tuebingen,17,5000,0.5,0.038166282634159915,5
Tuebingen,18,314,1.0,0.011243832191587255,6
Tuebingen,19,194,1.0,-0.004245944561350176,6
Tuebingen,20,349,0.166,0.060412403699420976,1
Tuebingen,21,349,0.167,-0.002079527516158773,7
Tuebingen,22,450,0.333,0.023210058839241446,4
Tuebingen,23,452,0.333,0.024612073391551623,2
Tuebingen,24,451,0.334,0.025401010308484018,2
Tuebingen,25,1030,0.125,0.010022679310917854,7
Tuebingen,26,1030,0.125,0.014346585805250688,5
Tuebingen,27,1030,0.125,0.0565580288534751,5
Tuebingen,28,1030,0.125,-0.008703658999571338,8
Tuebingen,29,1030,0.125,-0.007691666998901458,7
Tuebingen,30,1030,0.125,0.008643056528458155,9
Tuebingen,31,1030,0.125,-0.0022525294105920357,7
Tuebingen,32,1030,0.125,-0.00242383546487571,5
Tuebingen,33,345,0.2,0.012600611052745701,2
Tuebingen,34,345,0.2,0.0025805255961581022,5
Tuebingen,35,345,0.2,0.009077320613308359,4
Tuebingen,36,345,0.2,0.008926194340242555,4
Tuebingen,37,345,0.2,0.007998311969667517,2
Tuebingen,38,757,0.25,0.018316825228645257,2
Tuebingen,39,394,0.25,0.008080302824619492,1
Tuebingen,40,733,0.25,0.020309679691327152,3
Tuebingen,41,763,0.25,-0.00048184491637454085,3
Tuebingen,42,9162,0.5,0.07273138568609491,8
Tuebingen,43,10369,0.25,-6.515785442372073e-07,9
Tuebingen,44,10369,0.25,4.2487647205422246e-06,9
Tuebingen,45,10369,0.25,0.0001362708679172762,9
Tuebingen,46,10369,0.25,-0.0033744144169663218,9
Tuebingen,48,168,1.0,0.004589827865572688,4
Tuebingen,49,365,0.333,0.003459536078648167,9
Tuebingen,50,365,0.333,0.004603582146471569,7
Tuebingen,51,365,0.334,0.02356247009012878,4
Tuebingen,56,192,0.083,-0.0037875178633027876,4
Tuebingen,57,192,0.083,-0.0018506627672059336,5
Tuebingen,58,192,0.084,0.014155068483178119,4
Tuebingen,59,192,0.083,-0.0090197617612233,3
Tuebingen,60,192,0.083,-0.008457817302289367,6
Tuebingen,61,192,0.084,0.0015090302003011868,4
Tuebingen,62,192,0.083,0.01803547385187323,3
Tuebingen,63,192,0.083,-0.0009941745562962734,5
Tuebingen,64,162,0.084,-0.0010634635211730428,2
Tuebingen,65,1331,0.333,0.0007042231884381344,1
Tuebingen,66,1331,0.333,-0.0009877220874321422,1
Tuebingen,67,1331,0.334,-0.0019887159071357713,2
Tuebingen,68,498,1.0,-0.002547545402968209,1
Tuebingen,69,16382,1.0,-0.0027379300969953904,9
Tuebingen,72,1632,1.0,0.018970372538727416,3
Tuebingen,73,5084,0.083,0.0003871098997898291,7
Tuebingen,74,194,0.083,-0.020153477227109272,5
Tuebingen,75,205,0.084,-0.009139482724973912,3
Tuebingen,76,347,1.0,0.0011433711435727316,3
Tuebingen,77,8401,0.5,0.017773116177442882,6
Tuebingen,78,721,0.3333,0.014312300839904398,3
Tuebingen,79,721,0.3333,0.003750073698067133,3
Tuebingen,80,721,0.3334,0.022733298383726824,9
Tuebingen,81,365,0.3333,0.009277125885287826,4
Tuebingen,82,365,0.3333,-0.0035161133232438253,6
Tuebingen,83,365,0.3334,-0.0034811258818843917,4
Tuebingen,84,3102,1.0,-7.1125107808903305e-06,5
Tuebingen,85,994,1.0,0.06920277581045735,8
Tuebingen,86,666,1.0,-0.004492267684259627,2
Tuebingen,87,7753,1.0,0.010711878427023376,4
Tuebingen,88,261,1.0,0.028745163029532093,4
Tuebingen,89,131,0.25,-0.005747689718881319,4
Tuebingen,90,126,0.25,-0.007549269033475109,3
Tuebingen,91,149,0.25,0.00895177386294307,4
Tuebingen,92,150,0.25,0.0034566250330632636,7
Tuebingen,93,432,1.0,0.0010275397473239229,5
Tuebingen,94,9504,0.3333,0.04922560008195163,9
Tuebingen,95,9504,0.3333,0.07209796694886782,9
Tuebingen,96,9504,0.3333,0.020136569497182587,9
Tuebingen,97,202,0.2,-0.014557817491141718,2
Tuebingen,98,94,0.2,-0.0001647140815436844,3
Tuebingen,99,2287,1.0,0.035751153510583056,3
Tuebingen,100,209,1.0,0.009261777455597659,6
Tuebingen,101,300,0.5,0.00038013935568270593,9
Tuebingen,102,109,0.2,-0.03181543477647947,2
Tuebingen,103,109,0.2,0.0042567505982793186,2
Tuebingen,104,109,0.2,0.03315287339689816,4
Tuebingen,106,114,1.0,-0.00031576418060025747,2
Tuebingen,108,112,1.0,0.024799789732116388,2
