benchmark,pair_id,n,weight,loci,seconds,error
Tuebingen,98,94,0.2,0.0012083161669680614,17.4,
Tuebingen,106,114,1.0,-0.0020970224460002108,28.8,
Tuebingen,104,109,0.2,7.304575016784678e-05,28.7,
Tuebingen,108,112,1.0,-0.0019928089339104962,29.6,
Tuebingen,90,126,0.25,0.0007152923897954623,29.6,
Tuebingen,103,109,0.2,-5.734601243765833e-05,29.8,
Tuebingen,102,109,0.2,-0.002395888777408318,30.0,
Tuebingen,89,131,0.25,-0.00028271898382748795,24.6,
Tuebingen,64,162,0.084,0.003201940179798972,27.6,
Tuebingen,91,149,0.25,0.0009043438391405149,33.8,
Tuebingen,92,150,0.25,0.004255526155441968,34.5,
Tuebingen,48,168,1.0,-0.000703975983221794,35.1,
Tuebingen,57,192,0.083,-0.005057950964394702,35.2,
Tuebingen,58,192,0.084,-0.001261530967960632,23.2,
Tuebingen,56,192,0.083,-0.0014294411870714075,36.7,
Tuebingen,60,192,0.083,-0.0013987609401680786,27.9,
Tuebingen,59,192,0.083,-0.005846135856619501,35.7,
Tuebingen,19,194,1.0,0.001566426138388593,32.3,
Tuebingen,97,202,0.2,-0.00044498749139853134,29.0,
Tuebingen,63,192,0.083,-0.004181805272366426,28.8,
Tuebingen,100,209,1.0,-3.6874802490435106e-05,33.2,
Tuebingen,75,205,0.084,0.0055036359016108136,35.0,
Tuebingen,61,192,0.084,-0.001591202799060555,35.5,
Tuebingen,74,194,0.083,0.002916489580792162,35.5,
Tuebingen,62,192,0.083,-0.0008702246153157109,35.8,
Tuebingen,88,261,1.0,0.0004718510643537576,26.3,
Tuebingen,101,300,0.5,0.0013737331177745267,43.4,
Tuebingen,18,314,1.0,0.0019147741679770224,40.7,
Tuebingen,33,345,0.2,0.0011465350590090712,42.3,
Tuebingen,36,345,0.2,-0.0010108635923898803,42.4,
Tuebingen,35,345,0.2,-0.0014901236800638532,45.0,
Tuebingen,34,345,0.2,0.0008901532504144111,45.4,
Tuebingen,37,345,0.2,-0.0005095621491693657,28.7,
Tuebingen,21,349,0.167,0.00021569413812529982,31.2,
Tuebingen,76,347,1.0,0.0012102844773765724,48.1,
Tuebingen,1,349,0.166,0.00326038140155948,46.6,
Tuebingen,2,349,0.166,0.0006124638189034014,44.1,
Tuebingen,3,349,0.167,-0.0011675896399757574,46.0,
Tuebingen,4,349,0.166,0.0002736787278841805,50.1,
Tuebingen,20,349,0.166,0.00474207073552289,49.9,
Tuebingen,81,365,0.3333,0.0006134839139942208,29.3,
Tuebingen,49,365,0.333,0.0017274651131857967,49.3,
Tuebingen,50,365,0.333,9.384093694880834e-05,46.2,
Tuebingen,51,365,0.334,-0.0006720226560359883,46.9,
Tuebingen,82,365,0.3333,0.00021153836068516928,47.6,
Tuebingen,13,392,0.25,0.002429279787808628,43.6,
Tuebingen,83,365,0.3334,-0.0015263388968695154,50.3,
Tuebingen,14,392,0.25,0.00022848925010597154,43.6,
Tuebingen,39,394,0.25,-0.00014240944350827744,44.7,
Tuebingen,22,450,0.333,0.0003599351394488669,39.1,
Tuebingen,15,392,0.25,0.0019233179740181228,51.4,
Tuebingen,16,392,0.25,0.00020496264150379122,52.7,
Tuebingen,93,432,1.0,0.0007406246008444063,55.3,
Tuebingen,24,451,0.334,-1.4762928062326186e-05,53.9,
Tuebingen,23,452,0.333,0.00024270579632117628,56.3,
Tuebingen,68,498,1.0,-0.0168507587727329,48.9,
Tuebingen,78,721,0.3333,0.00776818055234636,60.2,
Tuebingen,86,666,1.0,0.00036875905825474887,71.1,
Tuebingen,79,721,0.3333,0.00017056247313059912,76.5,
Tuebingen,80,721,0.3334,0.014044226142817152,77.6,
Tuebingen,41,763,0.25,0.0009018015262017015,44.9,
Tuebingen,40,733,0.25,0.002193135916841762,72.6,
Tuebingen,38,757,0.25,0.0015475171617799885,75.2,
Tuebingen,85,994,1.0,0.00016118401810729792,83.0,
AN,4,1000,1.0,0.007993336093222803,57.6,
AN,1,1000,1.0,0.003379561217945461,95.8,
AN,2,1000,1.0,0.004908272336273599,95.8,
AN,3,1000,1.0,0.004794458487108327,88.5,
AN,5,1000,1.0,0.001708267170830857,87.3,
AN,8,1000,1.0,0.003736665933893253,55.2,
AN,6,1000,1.0,0.00845729605554093,96.0,
AN,7,1000,1.0,0.00395730315094181,91.8,
AN,13,1000,1.0,0.010291861430818873,55.4,
AN,9,1000,1.0,0.0016145678077194399,94.0,
AN,11,1000,1.0,0.007927817315860628,89.3,
AN,10,1000,1.0,0.017850824602019835,95.7,
AN,12,1000,1.0,0.0025233131010618183,94.3,
AN,14,1000,1.0,0.0051655418927215495,94.6,
AN,15,1000,1.0,0.005957114044396309,84.3,
AN,16,1000,1.0,0.007711015261348086,78.5,
AN,17,1000,1.0,0.005849375546681831,80.9,
AN,18,1000,1.0,0.0005632340353564518,87.1,
AN,19,1000,1.0,0.011573291096732084,85.3,
AN,20,1000,1.0,0.019654791443557564,92.3,
AN,21,1000,1.0,0.012841735857118397,73.2,
AN,22,1000,1.0,0.0034015925020143443,88.0,
AN,23,1000,1.0,0.01319007600172209,90.4,
AN,24,1000,1.0,0.007751200931755236,88.3,
AN,28,1000,1.0,0.0019918123642016206,54.3,
AN,25,1000,1.0,0.013787027071931874,91.9,
AN,26,1000,1.0,0.001533113949229177,92.4,
AN,27,1000,1.0,0.005063398654859844,89.9,
AN,32,1000,1.0,0.0022196695547191947,54.7,
AN,29,1000,1.0,0.002511304272371299,89.0,
AN,31,1000,1.0,0.013713960107593052,89.5,
AN,30,1000,1.0,0.0025474673581810025,91.0,
AN,34,1000,1.0,0.00997295333771639,69.4,
AN,33,1000,1.0,0.006926218211269545,89.5,
AN,35,1000,1.0,0.003030868062526587,90.8,
AN,36,1000,1.0,0.015636850424334155,88.2,
AN,40,1000,1.0,0.0006553822298234089,54.9,
AN,37,1000,1.0,0.004197429652453513,88.4,
AN,38,1000,1.0,0.00164345605544199,89.1,
AN,39,1000,1.0,0.008819206692952669,93.8,
AN,41,1000,1.0,0.002996187730279592,89.7,
AN,44,1000,1.0,0.002862046396774611,56.5,
AN,42,1000,1.0,0.0030162628381068305,89.2,
AN,43,1000,1.0,0.005462227884269124,91.4,
AN,45,1000,1.0,0.012155935746689708,88.4,
AN,47,1000,1.0,0.003167305057350579,74.8,
AN,46,1000,1.0,0.009091883230960834,88.2,
AN,49,1000,1.0,0.008147721747599953,80.6,
AN,48,1000,1.0,0.0029119685793680653,88.8,
AN,50,1000,1.0,0.009825991160427622,92.0,
AN,53,1000,1.0,0.002497471757789351,54.6,
AN,51,1000,1.0,0.01108897532506803,87.9,
AN,52,1000,1.0,0.0038717622961793458,91.6,
AN,54,1000,1.0,0.009856302981841456,88.8,
AN,56,1000,1.0,0.002085031165212342,76.7,
AN,55,1000,1.0,0.0036116286991994266,89.7,
AN,58,1000,1.0,0.0028329801387950186,70.7,
AN,57,1000,1.0,0.0030972269121207823,93.0,
AN,62,1000,1.0,0.0101360970016227,54.5,
AN,59,1000,1.0,0.0033840162264603905,95.1,
AN,60,1000,1.0,0.004662881183754434,93.5,
AN,61,1000,1.0,0.0036646194467454033,86.3,
AN,63,1000,1.0,0.002583384252725757,87.5,
AN,64,1000,1.0,0.004483425136089597,83.4,
AN,66,1000,1.0,0.0018294437006286684,55.7,
AN,65,1000,1.0,0.008054873717785701,98.9,
AN,67,1000,1.0,0.006176213743480551,99.0,
AN,68,1000,1.0,0.004663498633845005,93.8,
AN,69,1000,1.0,0.006439952869435122,85.4,
AN,72,1000,1.0,0.00524982734368061,54.1,
AN,70,1000,1.0,0.00563894640547236,87.1,
AN,71,1000,1.0,0.002644378786746748,86.5,
AN,73,1000,1.0,0.005356637769468488,94.9,
AN,77,1000,1.0,0.004438063737155535,60.9,
AN,74,1000,1.0,0.0009695747614293562,93.1,
AN,75,1000,1.0,0.008666248542698702,91.8,
AN,76,1000,1.0,0.003344437361949485,92.6,
AN,78,1000,1.0,0.004367937877191384,84.6,
AN,81,1000,1.0,0.010634677254984206,54.4,
AN,79,1000,1.0,0.005185854491812428,88.5,
AN,80,1000,1.0,0.002482466963006244,91.4,
AN,86,1000,1.0,0.0069846886486035755,54.0,
AN,82,1000,1.0,0.013426032413468746,89.4,
AN,83,1000,1.0,0.0027774582531065652,92.9,
AN,84,1000,1.0,0.0037759056780891954,93.1,
AN,85,1000,1.0,0.0011625046137100636,87.9,
AN,87,1000,1.0,0.0017780559106705734,86.4,
AN,89,1000,1.0,0.006164483218485193,55.0,
AN,88,1000,1.0,0.006668453301579279,90.6,
AN,90,1000,1.0,0.00251896903018521,85.9,
AN,93,1000,1.0,0.01006356333029392,72.8,
AN,91,1000,1.0,0.014242154675056696,91.8,
AN,92,1000,1.0,0.016135539543854417,92.6,
AN,94,1000,1.0,0.003176188887107719,88.5,
AN,95,1000,1.0,0.006045252529672764,87.4,
AN,98,1000,1.0,0.00332371939719162,59.5,
AN,96,1000,1.0,0.008418234320012097,90.4,
AN,97,1000,1.0,0.0021841037537140735,90.2,
AN,99,1000,1.0,0.0071821615415293355,91.9,
AN,100,1000,1.0,0.004209499722099656,95.5,
AN-s,1,1000,1.0,0.0007068296102338688,89.8,
AN-s,3,1000,1.0,0.0017730456765985628,59.5,
AN-s,2,1000,1.0,0.00033053603660919303,88.8,
AN-s,4,1000,1.0,0.0010108336059614722,88.5,
AN-s,5,1000,1.0,0.002200609462429456,86.7,
AN-s,9,1000,1.0,0.0002585457183330545,71.1,
AN-s,6,1000,1.0,0.00116939400429123,92.1,
AN-s,10,1000,1.0,0.00041756678086804163,63.9,
AN-s,7,1000,1.0,0.0001790222083488413,93.5,
AN-s,8,1000,1.0,0.005154114586588062,91.0,
AN-s,12,1000,1.0,0.004979776974139578,65.9,
AN-s,11,1000,1.0,0.00037243013320510134,85.3,
AN-s,14,1000,1.0,0.0010920374062469824,89.4,
AN-s,13,1000,1.0,0.0005255893113351992,93.2,
AN-s,15,1000,1.0,0.004403854475451104,88.3,
AN-s,16,1000,1.0,0.001708901434151248,90.2,
AN-s,17,1000,1.0,0.0004455200878097464,89.9,
AN-s,19,1000,1.0,0.00036449941074917936,57.0,
AN-s,18,1000,1.0,0.0015019862233116102,92.1,
AN-s,25,1000,1.0,0.00016380392537617084,57.1,
AN-s,20,1000,1.0,0.00047763290090086137,91.4,
AN-s,21,1000,1.0,0.0008891632106783516,92.0,
AN-s,22,1000,1.0,0.004191278033261972,90.8,
AN-s,23,1000,1.0,0.003810666924549808,88.3,
AN-s,24,1000,1.0,0.0022652224166070326,88.7,
AN-s,26,1000,1.0,0.000917061320767676,84.0,
AN-s,27,1000,1.0,0.0013054355927506445,84.9,
AN-s,28,1000,1.0,0.00021274552352274563,91.2,
AN-s,30,1000,1.0,0.0030667998185696754,95.5,
AN-s,29,1000,1.0,0.0031484120348742755,98.6,
AN-s,31,1000,1.0,0.001184542765818036,99.3,
AN-s,32,1000,1.0,0.0018473309131042737,95.2,
AN-s,33,1000,1.0,0.0006196151129171096,95.5,
AN-s,34,1000,1.0,0.0010297958898298773,100.4,
AN-s,35,1000,1.0,0.0036183323533628617,94.0,
AN-s,37,1000,1.0,0.003912345791385609,95.8,
AN-s,36,1000,1.0,0.0002454802897751585,97.6,
AN-s,38,1000,1.0,0.0011774204943737709,94.5,
AN-s,39,1000,1.0,0.002312888860494704,96.0,
AN-s,40,1000,1.0,0.0003068256344792078,95.1,
AN-s,41,1000,1.0,0.004861115031000172,91.3,
AN-s,42,1000,1.0,0.0028884922685521956,90.8,
AN-s,43,1000,1.0,0.0006292441321616962,88.0,
AN-s,45,1000,1.0,0.005351586433688575,89.1,
AN-s,44,1000,1.0,0.0009254912721647101,97.6,
AN-s,46,1000,1.0,0.000459051482040102,93.4,
AN-s,47,1000,1.0,0.0016456152746956306,92.1,
AN-s,48,1000,1.0,0.0014599144149423744,91.7,
AN-s,49,1000,1.0,0.0003341906771034606,91.6,
AN-s,50,1000,1.0,0.0002590988065151969,91.3,
AN-s,51,1000,1.0,0.0005197817191837978,90.9,
AN-s,53,1000,1.0,0.00023054388409754462,87.8,
AN-s,52,1000,1.0,0.0006028316769055246,91.4,
AN-s,54,1000,1.0,0.00033693361261075437,93.1,
AN-s,55,1000,1.0,0.00294290980816696,92.3,
AN-s,56,1000,1.0,0.004563269556497003,96.2,
AN-s,57,1000,1.0,0.0009991803960652794,97.8,
AN-s,58,1000,1.0,0.002460347129152218,95.1,
AN-s,59,1000,1.0,0.0007054740808045096,93.6,
AN-s,60,1000,1.0,0.00042129380206178883,98.5,
AN-s,61,1000,1.0,0.0017205942550979926,99.6,
AN-s,62,1000,1.0,0.0019260635037562774,98.8,
AN-s,63,1000,1.0,0.0003724594254503089,92.5,
AN-s,66,1000,1.0,0.0012141216774623053,87.9,
AN-s,65,1000,1.0,0.000831804358825586,89.7,
AN-s,64,1000,1.0,0.00037151441536041466,94.6,
AN-s,67,1000,1.0,0.0005916425944058465,91.5,
AN-s,68,1000,1.0,0.004304617147439624,90.7,
AN-s,73,1000,1.0,0.004491791883721612,63.2,
AN-s,69,1000,1.0,0.001813181088149905,91.0,
AN-s,70,1000,1.0,0.001369015200555965,90.2,
AN-s,72,1000,1.0,0.00027445047252473253,85.7,
AN-s,71,1000,1.0,0.0006513910508029827,91.3,
AN-s,74,1000,1.0,0.0021554719220387257,88.9,
AN-s,76,1000,1.0,0.0021254946489639823,61.0,
AN-s,75,1000,1.0,0.002328931504357465,94.4,
AN-s,77,1000,1.0,0.0007748428422490111,87.6,
AN-s,80,1000,1.0,0.0015152957981642164,74.5,
AN-s,78,1000,1.0,0.0020510439802098033,89.3,
AN-s,79,1000,1.0,6.331632363112616e-05,95.3,
AN-s,81,1000,1.0,0.00023331037050487906,88.4,
AN-s,82,1000,1.0,0.0008373847266918739,90.0,
AN-s,83,1000,1.0,0.0008217806684480525,95.4,
AN-s,85,1000,1.0,0.000881935787632922,74.5,
AN-s,84,1000,1.0,0.0005893529229592788,88.4,
AN-s,86,1000,1.0,0.0059331858189460495,82.3,
AN-s,87,1000,1.0,0.0021288367867913277,90.0,
AN-s,88,1000,1.0,0.00043779581104931895,93.4,
AN-s,89,1000,1.0,0.0006126100370192536,90.7,
AN-s,90,1000,1.0,0.0006286563824204373,86.4,
AN-s,92,1000,1.0,0.003035290292555727,83.4,
AN-s,93,1000,1.0,0.0026530681060443957,79.7,
AN-s,91,1000,1.0,0.0010546163828072468,100.4,
AN-s,94,1000,1.0,0.0007085592302796029,86.5,
AN-s,95,1000,1.0,0.0002253431112808368,81.9,
AN-s,96,1000,1.0,0.0037877817574418528,89.7,
AN-s,97,1000,1.0,0.0006236759935885698,87.9,
AN-s,99,1000,1.0,0.0017050854472842065,83.3,
AN-s,98,1000,1.0,0.0005602841835968221,92.0,
AN-s,100,1000,1.0,0.0002665692416980801,85.2,
LS,1,1000,1.0,0.0008527558160080907,92.5,
LS,2,1000,1.0,0.0016228952274756872,95.8,
LS,7,1000,1.0,0.00321336916812169,58.8,
LS,4,1000,1.0,0.007043916069522418,86.1,
LS,3,1000,1.0,0.0023256320858386454,93.3,
LS,5,1000,1.0,0.008456449792460616,86.5,
LS,6,1000,1.0,0.012716685893265573,84.1,
LS,10,1000,1.0,0.005541835448802402,59.4,
LS,8,1000,1.0,0.005838310542210187,96.7,
LS,9,1000,1.0,0.0019840603710150535,99.3,
LS,14,1000,1.0,-0.001328276781368063,76.0,
LS,11,1000,1.0,0.007744533383291137,89.2,
LS,12,1000,1.0,0.011011874789325887,91.8,
LS,13,1000,1.0,0.00019211499186514949,85.7,
LS,15,1000,1.0,0.0006327558534299391,85.4,
LS,16,1000,1.0,0.0009971697855510845,86.6,
LS,17,1000,1.0,0.004729242571588446,87.1,
LS,19,1000,1.0,0.002746758776461868,71.5,
LS,18,1000,1.0,0.001703507626812686,72.3,
LS,20,1000,1.0,0.004116485764039853,89.3,
LS,21,1000,1.0,0.0026075248157946913,87.3,
LS,23,1000,1.0,0.005995319348403189,62.2,
LS,22,1000,1.0,0.004474080222795776,97.5,
LS,24,1000,1.0,-0.00033619730658579657,86.2,
LS,25,1000,1.0,0.00451417361149786,95.2,
LS,26,1000,1.0,-0.00016184742175003345,96.7,
LS,29,1000,1.0,0.004648291349690736,58.5,
LS,27,1000,1.0,0.005043262849955491,87.5,
LS,28,1000,1.0,0.002947236537855545,86.6,
LS,33,1000,1.0,0.002328002923084636,68.1,
LS,30,1000,1.0,0.007475590060165094,92.0,
LS,31,1000,1.0,-0.0011722657114391969,89.6,
LS,34,1000,1.0,0.004986519580958418,77.2,
LS,32,1000,1.0,0.0017374506557252217,93.6,
LS,35,1000,1.0,0.006337279226441034,91.1,
LS,36,1000,1.0,0.0007100187519194596,91.8,
LS,37,1000,1.0,0.002980862193561907,55.3,
LS,38,1000,1.0,0.006279012737118638,88.6,
LS,39,1000,1.0,0.0037091893965131113,91.1,
LS,40,1000,1.0,0.0006038363316239469,91.6,
LS,44,1000,1.0,0.0020476063673230648,56.1,
LS,41,1000,1.0,0.003378926035707746,91.2,
LS,42,1000,1.0,0.011697148168710309,88.2,
LS,43,1000,1.0,0.0004261868821129611,91.2,
LS,48,1000,1.0,0.00920978706506562,59.2,
LS,45,1000,1.0,0.0035197294957955054,85.0,
LS,46,1000,1.0,0.002474921778660222,87.0,
LS,50,1000,1.0,0.006819194585930949,83.6,
LS,47,1000,1.0,0.0023020638829794357,98.7,
LS,49,1000,1.0,0.0029101299969576124,97.1,
LS,51,1000,1.0,0.0015867854808007517,94.2,
LS,54,1000,1.0,0.0018461454917124865,60.4,
LS,52,1000,1.0,0.004767098567668613,83.2,
LS,53,1000,1.0,0.0010892488709225109,91.2,
LS,55,1000,1.0,0.0010833491537089847,87.6,
LS,56,1000,1.0,0.0014448433765416738,88.3,
LS,59,1000,1.0,0.004993510761338831,63.7,
LS,58,1000,1.0,0.0030958942277547656,86.9,
LS,57,1000,1.0,0.002029326654320019,100.2,
LS,60,1000,1.0,0.0008230282693032615,101.3,
LS,62,1000,1.0,0.0013051963988617368,74.2,
LS,61,1000,1.0,0.004108329603707516,101.0,
LS,63,1000,1.0,0.0036500081634967003,86.4,
LS,66,1000,1.0,0.0065216100850254335,76.4,
LS,65,1000,1.0,0.003519352878322657,87.5,
LS,64,1000,1.0,0.01064136180506383,92.6,
LS,68,1000,1.0,0.007374819725481311,56.3,
LS,67,1000,1.0,0.00028064040573036984,95.5,
LS,69,1000,1.0,0.0070321997110013934,97.6,
LS,70,1000,1.0,0.0037163550149033895,87.9,
LS,71,1000,1.0,0.003371758402992194,90.7,
LS,74,1000,1.0,0.004396972284661469,56.1,
LS,72,1000,1.0,0.002715005266351429,86.0,
LS,73,1000,1.0,0.0060214531525252,99.7,
LS,75,1000,1.0,0.0019292345463142956,88.8,
LS,79,1000,1.0,0.001620460136575363,63.3,
LS,76,1000,1.0,0.002155664540496442,79.8,
LS,77,1000,1.0,0.01022573154160373,89.0,
LS,80,1000,1.0,0.00856336311317928,87.5,
LS,78,1000,1.0,0.004052730309215106,95.9,
LS,81,1000,1.0,0.0014142152872623755,97.4,
LS,84,1000,1.0,0.003542697355166742,55.7,
LS,82,1000,1.0,0.004714999014132961,87.2,
LS,83,1000,1.0,0.004433694551835316,98.1,
LS,85,1000,1.0,0.008910702238169903,84.3,
LS,86,1000,1.0,0.006265095774842534,86.8,
LS,89,1000,1.0,0.0067267067857424674,58.5,
LS,87,1000,1.0,0.004401690790880814,95.9,
LS,88,1000,1.0,-0.0004935783163052144,96.2,
LS,90,1000,1.0,0.00386006428844446,91.1,
LS,92,1000,1.0,0.0023064453182856425,74.9,
LS,91,1000,1.0,0.0030362830461304795,86.9,
LS,95,1000,1.0,0.005635533218798862,64.0,
LS,93,1000,1.0,0.004597553279636486,88.8,
LS,94,1000,1.0,0.006316405836561,88.8,
LS,96,1000,1.0,0.006801727112139172,93.3,
LS,100,1000,1.0,0.005845263790440515,55.1,
LS,97,1000,1.0,-0.0003922950134428978,88.7,
LS,98,1000,1.0,0.0002737976597365803,89.2,
LS,99,1000,1.0,0.005805669157811943,97.1,
LS-s,1,1000,1.0,3.8550969934951626e-05,86.6,
LS-s,2,1000,1.0,0.00011992708903887995,92.8,
LS-s,4,1000,1.0,0.00020394970446013035,54.5,
LS-s,3,1000,1.0,0.0006244602101902731,95.6,
LS-s,5,1000,1.0,0.0002951650046945533,81.9,
LS-s,6,1000,1.0,0.0013105932095922388,87.6,
LS-s,10,1000,1.0,0.0008556533170337903,66.5,
LS-s,7,1000,1.0,0.00024597733468550146,93.2,
LS-s,8,1000,1.0,0.00026052770977583303,87.0,
LS-s,9,1000,1.0,-0.00040401754974365365,96.1,
LS-s,12,1000,1.0,0.0028869588058124326,73.5,
LS-s,15,1000,1.0,0.0008064857662244576,56.7,
LS-s,11,1000,1.0,0.0002128165553232595,94.7,
LS-s,13,1000,1.0,0.0009685917545357295,88.5,
LS-s,14,1000,1.0,0.00036159626617909894,94.7,
LS-s,16,1000,1.0,0.0005310214190791821,87.6,
LS-s,17,1000,1.0,0.0012653806374407133,90.8,
LS-s,19,1000,1.0,0.0007875187074691649,63.5,
LS-s,18,1000,1.0,0.0010571921285980564,78.4,
LS-s,21,1000,1.0,0.0010084324736000711,89.1,
LS-s,20,1000,1.0,0.0004663546690347627,95.5,
LS-s,23,1000,1.0,0.0009834406056587624,87.2,
LS-s,22,1000,1.0,0.0005909572046253746,92.0,
LS-s,26,1000,1.0,0.00071170682418816,58.8,
LS-s,24,1000,1.0,0.002651891718954911,90.5,
LS-s,25,1000,1.0,0.0004586948010982713,88.2,
LS-s,31,1000,1.0,0.0007692670503770382,59.9,
LS-s,27,1000,1.0,0.00048268555931916136,88.1,
LS-s,28,1000,1.0,0.0021069608385980544,91.4,
LS-s,29,1000,1.0,0.0010543566221134458,88.3,
LS-s,30,1000,1.0,0.00035049680275195237,88.3,
LS-s,32,1000,1.0,-0.00031512995140610677,88.0,
LS-s,35,1000,1.0,0.0008360212514460417,56.7,
LS-s,33,1000,1.0,0.00030890852900060774,90.0,
LS-s,34,1000,1.0,0.0005389372939500212,99.4,
LS-s,36,1000,1.0,-0.00012324540543112294,96.7,
LS-s,37,1000,1.0,0.00027075925230922074,88.2,
LS-s,38,1000,1.0,0.00023059655667277527,86.3,
LS-s,40,1000,1.0,0.000858590201077063,62.0,
LS-s,41,1000,1.0,-0.0002657842789188223,85.7,
LS-s,39,1000,1.0,0.001578063485735909,99.5,
LS-s,43,1000,1.0,5.2968232325022256e-05,60.9,
LS-s,42,1000,1.0,0.0009095026623239661,98.9,
LS-s,45,1000,1.0,-0.00011093535761129127,86.8,
LS-s,46,1000,1.0,0.0005811723481759221,86.8,
LS-s,44,1000,1.0,3.718396875148277e-05,94.7,
LS-s,49,1000,1.0,0.00010113227943817969,56.3,
LS-s,47,1000,1.0,0.0011890240599723534,87.7,
LS-s,48,1000,1.0,0.001332145566562993,92.4,
LS-s,54,1000,1.0,-0.0001465053022624746,56.1,
LS-s,51,1000,1.0,5.655762960030439e-06,87.1,
LS-s,52,1000,1.0,0.0007655610169015341,86.8,
LS-s,50,1000,1.0,0.0005115808719741043,97.9,
LS-s,53,1000,1.0,0.0007938100603011573,96.5,
LS-s,55,1000,1.0,0.002822485490855422,85.7,
LS-s,57,1000,1.0,0.0005205461436310348,54.5,
LS-s,56,1000,1.0,0.001472937833200744,95.9,
LS-s,58,1000,1.0,4.8858238800894896e-05,87.4,
LS-s,60,1000,1.0,0.0005764597621584958,82.2,
LS-s,59,1000,1.0,0.0010604314509099497,87.9,
LS-s,61,1000,1.0,0.0013585395793164765,92.8,
LS-s,63,1000,1.0,-0.0001871182725037547,74.8,
LS-s,62,1000,1.0,0.0002671272636353986,89.9,
LS-s,64,1000,1.0,0.0023310141199896547,89.4,
LS-s,66,1000,1.0,0.0011388695066514463,56.0,
LS-s,65,1000,1.0,0.0008270014217183853,91.3,
LS-s,67,1000,1.0,0.00023091996240504563,94.6,
LS-s,68,1000,1.0,0.0017518744610891636,88.2,
LS-s,72,1000,1.0,0.0006130823236519644,56.1,
LS-s,69,1000,1.0,0.00019862546168942046,91.2,
LS-s,70,1000,1.0,0.0013012936872230122,89.8,
LS-s,71,1000,1.0,0.0005092703952024517,89.6,
LS-s,76,1000,1.0,0.0018424199969136106,61.2,
LS-s,73,1000,1.0,0.0004906480263338443,88.7,
LS-s,74,1000,1.0,5.460612544912571e-06,87.5,
LS-s,75,1000,1.0,0.00019082547166042723,93.8,
LS-s,77,1000,1.0,0.0027424667904767295,89.9,
LS-s,78,1000,1.0,0.0002420356014491956,95.9,
LS-s,79,1000,1.0,0.000326018297847012,92.5,
LS-s,82,1000,1.0,-0.00021087975816414168,67.3,
LS-s,80,1000,1.0,0.0009790824046999004,85.5,
LS-s,81,1000,1.0,0.0001935790808064011,84.5,
LS-s,84,1000,1.0,0.00020827893759211332,77.8,
LS-s,83,1000,1.0,0.000325309811415095,88.7,
LS-s,85,1000,1.0,0.001023646059152396,87.9,
LS-s,86,1000,1.0,0.0004986366380918324,94.5,
LS-s,88,1000,1.0,0.0006692341984524273,87.8,
LS-s,89,1000,1.0,6.754151635044163e-05,89.8,
LS-s,87,1000,1.0,0.0012645606732843671,98.8,
LS-s,90,1000,1.0,-0.00012926109016446008,87.3,
LS-s,91,1000,1.0,0.000754686646972116,88.2,
LS-s,92,1000,1.0,0.0023039012829423606,91.9,
LS-s,93,1000,1.0,-1.0685475020653587e-05,89.4,
LS-s,94,1000,1.0,0.00015337677500256998,91.9,
LS-s,95,1000,1.0,0.000676085012274971,90.0,
LS-s,96,1000,1.0,0.00040750481603075577,89.5,
LS-s,98,1000,1.0,4.292393139494982e-05,86.1,
LS-s,97,1000,1.0,0.00220371837620412,94.3,
LS-s,99,1000,1.0,-6.914764841388837e-05,95.7,
LS-s,100,1000,1.0,0.0010556544521048556,90.9,
MN-U,2,1000,1.0,0.0026191079181999634,89.4,
MN-U,3,1000,1.0,0.005487695554547965,93.8,
MN-U,1,1000,1.0,0.0008749128991171211,101.2,
MN-U,4,1000,1.0,4.305788712705497e-05,97.0,
MN-U,5,1000,1.0,0.0031544767585339677,102.2,
MN-U,6,1000,1.0,3.1206424512235896e-05,99.8,
MN-U,7,1000,1.0,0.004680672646534325,98.5,
MN-U,8,1000,1.0,0.0032748617755010865,99.3,
MN-U,9,1000,1.0,0.0002543214361530094,100.2,
MN-U,10,1000,1.0,0.0005603642965603196,98.6,
MN-U,11,1000,1.0,0.0010161882757695982,99.5,
MN-U,12,1000,1.0,0.0013665805482916714,97.5,
MN-U,13,1000,1.0,0.006217742721515126,100.9,
MN-U,14,1000,1.0,0.006332034296805353,94.0,
MN-U,15,1000,1.0,0.0003152419012110202,98.7,
MN-U,16,1000,1.0,0.005582120893473731,98.2,
MN-U,17,1000,1.0,0.004279822997217379,95.2,
MN-U,18,1000,1.0,0.003019595051719293,95.6,
MN-U,19,1000,1.0,0.003957197567305203,93.0,
MN-U,20,1000,1.0,0.005266093344988249,97.2,
MN-U,21,1000,1.0,0.002396378635538024,91.8,
MN-U,22,1000,1.0,0.009618090104199489,91.7,
MN-U,23,1000,1.0,0.006652731645486911,90.0,
MN-U,24,1000,1.0,0.000232413702831181,94.8,
MN-U,25,1000,1.0,0.002756888251829485,93.0,
MN-U,26,1000,1.0,0.003586030449844087,92.5,
MN-U,28,1000,1.0,0.0002694308661810086,93.4,
MN-U,27,1000,1.0,0.0007616861063465379,95.9,
MN-U,29,1000,1.0,0.00683314661366403,97.2,
MN-U,30,1000,1.0,0.005439923281501918,96.0,
MN-U,31,1000,1.0,0.0011350314536725502,96.2,
MN-U,32,1000,1.0,0.0051166986301979895,94.0,
MN-U,33,1000,1.0,0.004450307250304387,95.0,
MN-U,34,1000,1.0,0.0072122045964776674,89.2,
MN-U,35,1000,1.0,0.008107913035927703,92.4,
MN-U,36,1000,1.0,0.004235295483290356,92.0,
MN-U,37,1000,1.0,0.0003037702046903237,90.9,
MN-U,38,1000,1.0,0.0005070695765465188,92.8,
MN-U,39,1000,1.0,0.003472407127906815,99.5,
MN-U,40,1000,1.0,0.0055154959338187684,93.7,
MN-U,41,1000,1.0,0.0003084428458899897,97.4,
MN-U,42,1000,1.0,0.004696746949776885,97.4,
MN-U,43,1000,1.0,0.00020056323203447926,95.8,
MN-U,44,1000,1.0,0.008104204996529342,99.6,
MN-U,45,1000,1.0,0.003919000404531624,98.2,
MN-U,46,1000,1.0,0.007457028874070633,94.6,
MN-U,47,1000,1.0,0.0049343575838345964,95.7,
MN-U,48,1000,1.0,0.0002478937687056138,95.3,
MN-U,49,1000,1.0,0.0034918687839425146,95.1,
MN-U,50,1000,1.0,0.003141914288070313,90.7,
MN-U,51,1000,1.0,0.0007086587359497432,96.1,
MN-U,52,1000,1.0,0.002969364443247644,99.5,
MN-U,53,1000,1.0,0.0011069125275727692,91.4,
MN-U,54,1000,1.0,0.0014369228931457706,94.5,
MN-U,55,1000,1.0,0.0008588497275600477,100.0,
MN-U,56,1000,1.0,0.0030412910509950717,100.0,
MN-U,57,1000,1.0,0.0025007902771322014,98.0,
MN-U,58,1000,1.0,0.007295863881572318,98.7,
MN-U,59,1000,1.0,0.0013286401988000926,89.5,
MN-U,60,1000,1.0,0.002990203089790395,97.3,
MN-U,61,1000,1.0,0.0012813156525113675,93.7,
MN-U,62,1000,1.0,0.001396240982889746,87.7,
MN-U,63,1000,1.0,0.001258487793316305,85.0,
MN-U,64,1000,1.0,0.0005009596728791676,83.9,
MN-U,66,1000,1.0,0.0009462776062112007,88.2,
MN-U,65,1000,1.0,0.00019264256175813266,91.3,
MN-U,68,1000,1.0,0.00045693327843178205,85.6,
MN-U,67,1000,1.0,0.007452449904761069,92.1,
MN-U,69,1000,1.0,0.0004800181877949622,72.0,
MN-U,70,1000,1.0,0.004239218716620482,89.6,
MN-U,71,1000,1.0,0.007538436884907295,85.5,
MN-U,72,1000,1.0,0.005960659163882938,83.3,
MN-U,73,1000,1.0,0.0025030196358815926,90.9,
MN-U,76,1000,1.0,0.0034726949523095417,77.1,
MN-U,74,1000,1.0,0.0019258613086982636,95.6,
MN-U,75,1000,1.0,0.004143683507168069,90.5,
MN-U,77,1000,1.0,0.00026804860211953756,88.8,
MN-U,79,1000,1.0,0.0001402892174730543,58.2,
MN-U,78,1000,1.0,0.003055933455029429,89.9,
MN-U,80,1000,1.0,0.00091851447300509,95.1,
MN-U,81,1000,1.0,0.00018512905268810542,87.1,
MN-U,85,1000,1.0,0.0028688292741318364,58.3,
MN-U,83,1000,1.0,0.007187679042685301,92.2,
MN-U,82,1000,1.0,0.0022324201360208514,95.0,
MN-U,84,1000,1.0,0.0012989410045572665,87.4,
MN-U,86,1000,1.0,0.0004683454955933253,87.4,
MN-U,89,1000,1.0,0.005748775641047433,62.9,
MN-U,88,1000,1.0,0.004805581713382649,86.1,
MN-U,87,1000,1.0,0.0004992019879083913,99.9,
MN-U,90,1000,1.0,0.0007597158811586014,91.0,
MN-U,91,1000,1.0,0.004953899206090994,96.2,
MN-U,92,1000,1.0,0.0037480558140818338,85.5,
MN-U,94,1000,1.0,0.004384804753561612,69.1,
MN-U,93,1000,1.0,0.0005728427392110899,90.8,
MN-U,95,1000,1.0,0.0062098191059466465,88.9,
MN-U,99,1000,1.0,0.00023024507240394215,69.9,
MN-U,96,1000,1.0,0.00010827119220049815,96.0,
MN-U,98,1000,1.0,0.003989513611676921,79.5,
MN-U,97,1000,1.0,0.0037524493644425813,87.7,
MN-U,100,1000,1.0,0.002963021072789264,81.5,
SIM,1,1000,1.0,0.0024750552947930505,92.4,
SIM,3,1000,1.0,0.0018046902082846812,68.7,
SIM,5,1000,1.0,0.00028108135263742466,72.0,
SIM,2,1000,1.0,-8.96270072475191e-05,87.0,
SIM,4,1000,1.0,0.001332899449401093,87.6,
SIM,6,1000,1.0,0.010558919754183894,91.4,
SIM,7,1000,1.0,0.00025528001590683817,97.4,
SIM,8,1000,1.0,0.0005141458940523735,90.8,
SIM,9,1000,1.0,0.001110777375768951,72.1,
SIM,10,1000,1.0,0.0016834742412338453,79.8,
SIM,13,1000,1.0,0.0005625751113390914,67.1,
SIM,11,1000,1.0,-0.00028218027747675055,87.5,
SIM,12,1000,1.0,-0.0035503183863815828,87.9,
SIM,15,1000,1.0,0.0005957691167262465,83.4,
SIM,14,1000,1.0,-0.0003274692835839766,95.6,
SIM,16,1000,1.0,0.0012748475755426144,91.9,
SIM,18,1000,1.0,0.0012552895921925844,71.6,
SIM,17,1000,1.0,0.008334845226216053,90.8,
SIM,19,1000,1.0,0.0002917811362774166,88.0,
SIM,20,1000,1.0,0.0005339856474008604,79.9,
SIM,21,1000,1.0,0.0010151322517572073,55.7,
SIM,22,1000,1.0,0.0007303438455828824,95.1,
SIM,23,1000,1.0,0.001886614091502948,89.9,
SIM,24,1000,1.0,0.00013900003819996583,92.7,
SIM,25,1000,1.0,0.007496310683638205,90.4,
SIM,28,1000,1.0,0.0014512997947058212,60.6,
SIM,26,1000,1.0,0.00017179742531486182,87.7,
SIM,27,1000,1.0,0.0039045243413403257,90.2,
SIM,32,1000,1.0,-0.000587062704740042,54.4,
SIM,30,1000,1.0,0.004877792737404147,86.8,
SIM,29,1000,1.0,0.004653679719313014,98.4,
SIM,31,1000,1.0,9.286839114917058e-05,94.8,
SIM,33,1000,1.0,0.014719881387435517,86.0,
SIM,34,1000,1.0,-8.216770548887626e-05,86.6,
SIM,36,1000,1.0,0.0005830348268908165,54.7,
SIM,35,1000,1.0,2.4561271564336987e-05,98.7,
SIM,37,1000,1.0,0.0008279355158282856,88.6,
SIM,42,1000,1.0,0.00033187837976825436,54.9,
SIM,40,1000,1.0,-0.0003238012210613092,86.3,
SIM,38,1000,1.0,0.0042617722715054245,94.2,
SIM,39,1000,1.0,-0.0005565734864320913,90.3,
SIM,41,1000,1.0,0.0003225115126782465,86.8,
SIM,43,1000,1.0,0.0016642139536200543,92.8,
SIM,49,1000,1.0,0.0018249472218048656,58.3,
SIM,44,1000,1.0,0.0025449388696682273,86.5,
SIM,45,1000,1.0,-0.0003471031478707803,86.9,
SIM,47,1000,1.0,0.003657138875006209,85.9,
SIM,46,1000,1.0,0.000915535389481898,95.6,
SIM,48,1000,1.0,-0.0026774222850390536,97.1,
SIM,50,1000,1.0,-0.00019027173823856825,85.1,
SIM,51,1000,1.0,0.0021160981395393344,54.9,
SIM,52,1000,1.0,0.0024819752110105684,87.0,
SIM,58,1000,1.0,0.007244119564109836,54.4,
SIM,54,1000,1.0,0.0007035543921446837,86.2,
SIM,53,1000,1.0,0.00028116614131406723,98.1,
SIM,56,1000,1.0,-1.5776967824667298e-05,94.8,
SIM,55,1000,1.0,0.004418854002285165,97.8,
SIM,57,1000,1.0,0.001096274385817514,85.7,
SIM,60,1000,1.0,0.002001668651817372,55.9,
SIM,59,1000,1.0,-0.0011250456768321366,86.2,
SIM,61,1000,1.0,-2.2756082697497583e-05,85.2,
SIM,62,1000,1.0,0.0007774322540437229,99.3,
SIM,64,1000,1.0,0.003595229534399711,87.3,
SIM,66,1000,1.0,0.0009479975287262836,62.9,
SIM,63,1000,1.0,0.004082183515368045,95.0,
SIM,65,1000,1.0,0.0008708010653697537,96.9,
SIM,67,1000,1.0,0.00245989069992825,88.6,
SIM,71,1000,1.0,0.00011443087354120438,56.4,
SIM,68,1000,1.0,1.948105317788019e-05,87.3,
SIM,69,1000,1.0,-0.00014446639016069119,91.6,
SIM,70,1000,1.0,0.0009218783557997962,87.5,
SIM,72,1000,1.0,-0.0006781601637084763,91.3,
SIM,73,1000,1.0,1.3125686164776156e-05,95.3,
SIM,75,1000,1.0,0.0016611938828824974,64.9,
SIM,74,1000,1.0,0.00011891154835296628,92.4,
SIM,76,1000,1.0,0.00018310347372834176,88.2,
SIM,79,1000,1.0,0.0017172124141272248,60.5,
SIM,78,1000,1.0,0.003904356620218514,85.9,
SIM,77,1000,1.0,0.001525883428834112,95.0,
SIM,80,1000,1.0,0.007819960117988464,95.5,
SIM,84,1000,1.0,-5.351212406893443e-05,54.7,
SIM,81,1000,1.0,0.002506689279268678,98.2,
SIM,82,1000,1.0,-0.00025573761809208594,85.5,
SIM,83,1000,1.0,0.0058458391275966705,86.0,
SIM,85,1000,1.0,-0.004784840179734223,86.1,
SIM,88,1000,1.0,-5.753687147043245e-05,56.0,
SIM,86,1000,1.0,-0.0009871551437933238,97.6,
SIM,87,1000,1.0,0.001287077805054375,91.2,
SIM,90,1000,1.0,0.0003776855049109945,85.6,
SIM,89,1000,1.0,0.00012861760664115173,97.9,
SIM,93,1000,1.0,0.006229988466568384,54.7,
SIM,91,1000,1.0,0.000124474088185538,86.5,
SIM,92,1000,1.0,9.103260035534551e-05,97.9,
SIM,94,1000,1.0,0.0031978277852249314,95.5,
SIM,95,1000,1.0,0.0024692021048396415,83.1,
SIM,98,1000,1.0,0.0003318489576268422,59.6,
SIM,96,1000,1.0,0.0014475601518075744,88.3,
SIM,99,1000,1.0,-4.1364827333850116e-05,88.6,
SIM,97,1000,1.0,0.0016049549794477404,96.5,
SIM-c,2,1000,1.0,0.0007511145033065647,56.0,
SIM,100,1000,1.0,0.0005404981191590212,95.8,
SIM-c,1,1000,1.0,0.007624945259165999,96.8,
SIM-c,3,1000,1.0,0.0048306553751239715,85.7,
SIM-c,7,1000,1.0,0.0047825690397785775,55.0,
SIM-c,4,1000,1.0,0.008285474134113445,85.9,
SIM-c,5,1000,1.0,0.0010481546632124439,86.8,
SIM-c,6,1000,1.0,-8.910165561026569e-05,98.5,
SIM-c,8,1000,1.0,0.0031599404462752806,72.8,
SIM-c,10,1000,1.0,0.0021126681737839697,88.3,
SIM-c,9,1000,1.0,0.00012578893230705306,93.1,
SIM-c,11,1000,1.0,0.010137598638200017,89.3,
SIM-c,15,1000,1.0,0.0021222887951908693,55.8,
SIM-c,12,1000,1.0,0.0012857631859525306,88.9,
SIM-c,13,1000,1.0,-3.191491332752225e-05,90.7,
SIM-c,14,1000,1.0,0.0006578988876010487,95.9,
SIM-c,19,1000,1.0,0.015868173638895332,54.9,
SIM-c,16,1000,1.0,0.00023655682740908956,91.3,
SIM-c,17,1000,1.0,0.0004855405960599965,94.3,
SIM-c,20,1000,1.0,0.00020686915141173513,89.4,
SIM-c,18,1000,1.0,0.0016486522083189533,95.0,
SIM-c,21,1000,1.0,0.006399787372817091,88.8,
SIM-c,23,1000,1.0,0.01881460080954198,55.1,
SIM-c,22,1000,1.0,0.004814345491313217,97.0,
SIM-c,24,1000,1.0,-0.00027013227318222204,88.1,
SIM-c,26,1000,1.0,6.186013654526561e-05,74.8,
SIM-c,25,1000,1.0,0.006396727711563671,97.2,
SIM-c,29,1000,1.0,0.0011018482831436482,69.3,
SIM-c,28,1000,1.0,0.0005775488988253412,90.4,
SIM-c,27,1000,1.0,0.0022384292102507184,94.9,
SIM-c,32,1000,1.0,2.9171968029393822e-05,56.3,
SIM-c,30,1000,1.0,-2.591045121744839e-05,90.7,
SIM-c,31,1000,1.0,0.0031647762467203262,92.4,
SIM-c,33,1000,1.0,0.0008835747757788799,89.1,
SIM-c,34,1000,1.0,0.0019015051923715073,92.4,
SIM-c,37,1000,1.0,0.000711859179511287,56.2,
SIM-c,36,1000,1.0,-0.0005290132824908094,90.3,
SIM-c,35,1000,1.0,0.003510333673072961,93.7,
SIM-c,38,1000,1.0,0.0008162974097161612,87.3,
SIM-c,39,1000,1.0,0.002161490666484655,92.6,
SIM-c,42,1000,1.0,0.0016041899077919284,66.4,
SIM-c,40,1000,1.0,-1.8245538384882316e-05,87.7,
SIM-c,43,1000,1.0,0.00011138023907594546,87.2,
SIM-c,45,1000,1.0,0.0008378007771925569,58.4,
SIM-c,41,1000,1.0,0.0026265185063747967,98.2,
SIM-c,44,1000,1.0,0.00036478808964849,98.9,
SIM-c,48,1000,1.0,0.0041547480670662915,73.3,
SIM-c,47,1000,1.0,0.002059189872251876,87.3,
SIM-c,46,1000,1.0,0.0035505565364218217,94.9,
SIM-c,50,1000,1.0,0.0018066002049142078,73.1,
SIM-c,49,1000,1.0,0.0005042303201783359,87.3,
SIM-c,51,1000,1.0,6.961708310506797e-05,95.0,
SIM-c,52,1000,1.0,0.0006813985096148832,95.0,
SIM-c,53,1000,1.0,0.0013819299554848137,60.4,
SIM-c,54,1000,1.0,0.0007697122216596419,86.9,
SIM-c,56,1000,1.0,0.0057901342059894665,85.0,
SIM-c,55,1000,1.0,0.0003416552335578256,96.3,
SIM-c,57,1000,1.0,0.00011971802122468097,85.9,
SIM-c,60,1000,1.0,-0.0007995514792027825,64.9,
SIM-c,58,1000,1.0,0.004234635208991519,96.4,
SIM-c,59,1000,1.0,0.0003433550692883714,100.9,
SIM-c,61,1000,1.0,1.0120816284883455e-05,85.4,
SIM-c,62,1000,1.0,0.0036199873741638664,85.2,
SIM-c,65,1000,1.0,0.0004480934118854012,64.7,
SIM-c,64,1000,1.0,7.32482313934141e-05,85.3,
SIM-c,63,1000,1.0,-0.0008820028110919507,100.1,
SIM-c,66,1000,1.0,0.004855233935731367,100.8,
SIM-c,70,1000,1.0,5.33532691815783e-05,65.7,
SIM-c,67,1000,1.0,-0.0002406060807972646,101.0,
SIM-c,69,1000,1.0,0.0002852770406854327,76.5,
SIM-c,68,1000,1.0,7.688753386255774e-05,85.7,
SIM-c,71,1000,1.0,0.00012540321766421142,85.9,
SIM-c,72,1000,1.0,0.00010888446959170754,99.7,
SIM-c,73,1000,1.0,-0.002971183547148119,86.6,
SIM-c,76,1000,1.0,0.0002332345728990083,66.0,
SIM-c,75,1000,1.0,0.0012312464828124342,76.2,
SIM-c,77,1000,1.0,-4.4591065092639145e-05,87.3,
SIM-c,74,1000,1.0,0.010508109113250716,100.3,
SIM-c,78,1000,1.0,0.0002927004725723317,90.7,
SIM-c,79,1000,1.0,2.8673358314804153e-05,82.9,
SIM-c,82,1000,1.0,0.002029566393039474,76.4,
SIM-c,81,1000,1.0,-0.0008778858321217169,86.1,
SIM-c,80,1000,1.0,0.0018752222672553005,92.3,
SIM-c,83,1000,1.0,0.005928733965586831,86.2,
SIM-c,84,1000,1.0,-0.00033574982328391694,89.7,
SIM-c,86,1000,1.0,0.007115113076691586,55.2,
SIM-c,85,1000,1.0,0.001679082385614062,102.0,
SIM-c,92,1000,1.0,0.004388267332014357,55.2,
SIM-c,88,1000,1.0,-0.000673097675067548,86.3,
SIM-c,87,1000,1.0,0.0008091583431050493,98.2,
SIM-c,89,1000,1.0,-0.0008002421484500291,100.3,
SIM-c,90,1000,1.0,0.0013826961714701528,87.8,
SIM-c,91,1000,1.0,-5.108410275568703e-05,87.6,
SIM-c,94,1000,1.0,0.0005549617771274313,55.4,
SIM-c,93,1000,1.0,0.0030349335864100642,95.2,
SIM-c,95,1000,1.0,0.010265163958594387,87.5,
SIM-c,96,1000,1.0,-2.0651976220038105e-05,93.1,
SIM-c,100,1000,1.0,0.0005436138663211525,55.5,
SIM-c,97,1000,1.0,-0.00014700371933702738,96.2,
SIM-c,98,1000,1.0,0.0002787322311642342,87.9,
SIM-c,99,1000,1.0,0.0011521905731488272,87.0,
SIM-G,4,1000,1.0,0.00020028840713182821,55.2,
SIM-G,1,1000,1.0,0.00011331860130800773,97.6,
SIM-G,2,1000,1.0,8.509496545054238e-05,85.9,
SIM-G,3,1000,1.0,0.0001912840594272963,94.0,
SIM-G,6,1000,1.0,0.006854332933215421,88.1,
SIM-G,7,1000,1.0,0.0013054313875774425,87.0,
SIM-G,5,1000,1.0,0.0017822976507011357,96.3,
SIM-G,8,1000,1.0,-5.2546468822348884e-05,55.5,
SIM-G,10,1000,1.0,0.00010092206950887205,90.1,
SIM-G,9,1000,1.0,-0.0005395744659911211,94.3,
SIM-G,11,1000,1.0,-2.0336407857785227e-05,76.8,
SIM-G,12,1000,1.0,-0.0001548654061280929,89.2,
SIM-G,13,1000,1.0,-0.00015742583107040953,87.1,
SIM-G,15,1000,1.0,7.7768043933623e-05,75.0,
SIM-G,14,1000,1.0,0.00465083868129412,88.0,
SIM-G,18,1000,1.0,0.0027030885121453385,55.3,
SIM-G,16,1000,1.0,0.002098714680697072,95.0,
SIM-G,17,1000,1.0,0.0009733156516012159,93.6,
SIM-G,20,1000,1.0,0.002163418735484194,89.4,
SIM-G,22,1000,1.0,-1.8566396304833268e-05,84.0,
SIM-G,19,1000,1.0,-4.061510358748461e-05,93.4,
SIM-G,21,1000,1.0,0.002888087161725896,91.3,
SIM-G,23,1000,1.0,0.0004884221173215228,67.2,
SIM-G,25,1000,1.0,0.008049709544248945,63.4,
SIM-G,24,1000,1.0,-0.00025917440577775583,85.0,
SIM-G,28,1000,1.0,0.0006021439681157674,87.3,
SIM-G,27,1000,1.0,0.0034569398038058865,90.5,
SIM-G,26,1000,1.0,-0.00010258023775974926,95.2,
SIM-G,30,1000,1.0,2.0465698479462286e-05,87.3,
SIM-G,29,1000,1.0,8.391964570686629e-05,94.3,
SIM-G,31,1000,1.0,0.00047151934963326884,84.0,
SIM-G,32,1000,1.0,0.00011667056807951508,71.3,
SIM-G,35,1000,1.0,0.000132047139800808,58.4,
SIM-G,33,1000,1.0,0.019558997353482332,90.1,
SIM-G,34,1000,1.0,6.694988169591914e-05,93.1,
SIM-G,36,1000,1.0,0.006638092024887717,87.8,
SIM-G,37,1000,1.0,0.0072497646223078985,93.8,
SIM-G,40,1000,1.0,-3.8638531274482894e-05,55.5,
SIM-G,38,1000,1.0,0.003656522857799147,88.1,
SIM-G,39,1000,1.0,3.067117341311727e-05,96.4,
SIM-G,45,1000,1.0,0.007068247791941445,55.9,
SIM-G,41,1000,1.0,0.0010244264554356407,89.5,
SIM-G,43,1000,1.0,0.006266248302779609,88.2,
SIM-G,42,1000,1.0,-1.5199666253601647e-05,93.8,
SIM-G,44,1000,1.0,0.004583764976698993,94.5,
SIM-G,46,1000,1.0,5.6358783139528546e-05,90.3,
SIM-G,47,1000,1.0,0.003947597730718744,98.9,
SIM-G,51,1000,1.0,0.0021999568605192044,55.7,
SIM-G,48,1000,1.0,-0.0002719974971850819,81.2,
SIM-G,49,1000,1.0,-0.00016143341845103576,86.0,
SIM-G,50,1000,1.0,0.00028247877979897774,85.0,
SIM-G,52,1000,1.0,0.0002598292312117693,97.3,
SIM-G,53,1000,1.0,0.0033571686856528073,95.7,
SIM-G,55,1000,1.0,0.0010141772904611345,71.4,
SIM-G,58,1000,1.0,0.0034655108021377627,55.1,
SIM-G,54,1000,1.0,0.00021642519789695608,96.7,
SIM-G,56,1000,1.0,1.995976289915016e-05,89.6,
SIM-G,57,1000,1.0,1.3877230322317617e-05,89.1,
SIM-G,62,1000,1.0,0.001342552878931536,55.4,
SIM-G,59,1000,1.0,-0.00032488876183586914,93.8,
SIM-G,61,1000,1.0,0.0020148630581375516,87.1,
SIM-G,60,1000,1.0,0.001880478311703907,95.6,
SIM-G,63,1000,1.0,0.0005297156848463401,96.5,
SIM-G,66,1000,1.0,-3.319017027985196e-06,55.2,
SIM-G,64,1000,1.0,0.0005576055273001083,89.0,
SIM-G,65,1000,1.0,0.0012750433225554194,87.9,
SIM-G,67,1000,1.0,0.002291976777293292,94.6,
SIM-G,68,1000,1.0,9.527912483226831e-05,86.1,
SIM-G,71,1000,1.0,-2.4597619084624854e-05,56.6,
SIM-G,69,1000,1.0,0.0006378138703266492,90.5,
SIM-G,72,1000,1.0,0.0008832892433545163,87.5,
SIM-G,70,1000,1.0,8.278982720875044e-06,97.6,
SIM-G,73,1000,1.0,2.4889532432960132e-05,87.7,
SIM-G,76,1000,1.0,0.01179577282846862,54.9,
SIM-G,75,1000,1.0,0.0003160403564697815,84.8,
SIM-G,74,1000,1.0,0.0012175299115925995,94.9,
SIM-G,77,1000,1.0,0.0006644794253297583,95.8,
SIM-G,79,1000,1.0,0.0014287975190862205,73.9,
SIM-G,78,1000,1.0,0.00011972222628011558,88.9,
SIM-G,80,1000,1.0,0.008581832366777894,87.8,
SIM-G,81,1000,1.0,-0.0002812467959559351,74.3,
SIM-G,85,1000,1.0,0.00012172600960561844,54.9,
SIM-G,82,1000,1.0,0.001261990795951424,87.2,
SIM-G,83,1000,1.0,0.0003755616233427221,91.9,
SIM-G,84,1000,1.0,0.000980419118346224,91.6,
SIM-G,86,1000,1.0,-0.00031226022468766395,88.0,
SIM-G,87,1000,1.0,0.003168024433384151,88.6,
SIM-G,89,1000,1.0,0.006385057799918954,56.5,
SIM-G,88,1000,1.0,0.0013971540139180822,96.3,
SIM-G,90,1000,1.0,-1.3765406449208628e-05,86.5,
SIM-G,91,1000,1.0,-6.926132929311696e-05,93.6,
SIM-G,95,1000,1.0,0.0012644376052213422,57.6,
SIM-G,92,1000,1.0,3.456595572571491e-05,92.8,
SIM-G,93,1000,1.0,0.00417587531169558,88.3,
SIM-G,94,1000,1.0,-6.106541849752145e-05,90.2,
SIM-G,96,1000,1.0,0.00021322383542004414,89.9,
SIM-G,97,1000,1.0,0.0012729177282093547,87.5,
SIM-G,98,1000,1.0,0.00021409757923092565,74.0,
SIM-G,99,1000,1.0,-2.99147895789039e-05,77.8,
SIM-G,100,1000,1.0,0.00021586243467518751,89.1,
SIM-ln,1,1000,1.0,0.005436023569856671,87.8,
SIM-ln,2,1000,1.0,-0.0009561703792361903,95.2,
SIM-ln,5,1000,1.0,0.0007997051879264465,56.0,
SIM-ln,3,1000,1.0,0.002896337988225206,91.6,
SIM-ln,4,1000,1.0,0.002279879139643781,87.1,
SIM-ln,6,1000,1.0,0.007198317125571077,92.3,
SIM-ln,9,1000,1.0,0.0018166722030802634,59.8,
SIM-ln,7,1000,1.0,-0.006149155074934822,87.0,
SIM-ln,8,1000,1.0,0.0027521283565438647,86.8,
SIM-ln,10,1000,1.0,-9.438716796546871e-05,93.3,
SIM-ln,11,1000,1.0,-0.0009065908354978713,99.0,
SIM-ln,12,1000,1.0,7.433912670542272e-07,86.4,
SIM-ln,16,1000,1.0,0.00026759676294740094,54.5,
SIM-ln,13,1000,1.0,0.0031682627433597546,86.5,
SIM-ln,15,1000,1.0,-8.812561886120652e-05,85.8,
SIM-ln,14,1000,1.0,-6.442894527526047e-05,94.1,
SIM-ln,20,1000,1.0,0.021652069007764008,55.0,
SIM-ln,17,1000,1.0,0.0009396276009369913,101.1,
SIM-ln,19,1000,1.0,0.017839040185826178,86.0,
SIM-ln,18,1000,1.0,0.005611151216855858,101.6,
SIM-ln,21,1000,1.0,0.003824687947850843,86.0,
SIM-ln,24,1000,1.0,-0.002290297569339365,57.0,
SIM-ln,22,1000,1.0,0.009214303436802851,90.8,
SIM-ln,23,1000,1.0,-0.0002115563340135203,100.2,
SIM-ln,26,1000,1.0,-0.0019943747852617217,84.3,
SIM-ln,29,1000,1.0,0.00038946625884285946,55.3,
SIM-ln,25,1000,1.0,0.020562909084373433,94.1,
SIM-ln,27,1000,1.0,0.010418594042015596,87.4,
SIM-ln,28,1000,1.0,0.0005603129044800684,87.9,
SIM-ln,30,1000,1.0,0.02051518209914457,97.9,
SIM-ln,33,1000,1.0,0.03383893833453718,57.1,
SIM-ln,31,1000,1.0,-0.007765601976218368,97.9,
SIM-ln,32,1000,1.0,2.1017293356693394e-05,83.1,
SIM-ln,35,1000,1.0,0.00045534635747391345,86.1,
SIM-ln,34,1000,1.0,-0.0005202458262346581,99.7,
SIM-ln,36,1000,1.0,0.006951608743788319,86.3,
SIM-ln,38,1000,1.0,0.027931210735164885,54.8,
SIM-ln,37,1000,1.0,0.0025369447324976495,100.2,
SIM-ln,39,1000,1.0,-0.0011060198188609393,97.3,
SIM-ln,40,1000,1.0,-0.001250831340559529,86.3,
SIM-ln,44,1000,1.0,-6.869018557652522e-05,55.0,
SIM-ln,41,1000,1.0,-0.0006668409018954572,86.2,
SIM-ln,43,1000,1.0,0.0021387804746246845,87.1,
SIM-ln,42,1000,1.0,-0.0015658746775094644,98.0,
SIM-ln,48,1000,1.0,0.009306104530610936,59.4,
SIM-ln,45,1000,1.0,-0.00013378011914236547,100.6,
SIM-ln,47,1000,1.0,0.0038348496596004545,90.8,
SIM-ln,46,1000,1.0,0.0016150382171649506,100.5,
SIM-ln,49,1000,1.0,0.00015446191201650523,85.6,
SIM-ln,51,1000,1.0,0.004979599064108683,65.4,
SIM-ln,50,1000,1.0,0.002348267128546494,84.4,
SIM-ln,52,1000,1.0,8.89487549197317e-05,87.4,
SIM-ln,57,1000,1.0,0.0047074590816578304,57.3,
SIM-ln,53,1000,1.0,0.003843765406585857,98.4,
SIM-ln,56,1000,1.0,0.00011046209824624377,86.7,
SIM-ln,54,1000,1.0,0.004421682870303576,93.4,
SIM-ln,55,1000,1.0,0.007812721154903314,98.0,
SIM-ln,58,1000,1.0,0.0010850629221181747,85.2,
SIM-ln,60,1000,1.0,0.00385358547420461,61.0,
SIM-ln,59,1000,1.0,0.0001875149282960048,86.4,
SIM-ln,61,1000,1.0,0.00140097222917126,82.0,
SIM-ln,62,1000,1.0,0.006757029631365947,86.8,
SIM-ln,63,1000,1.0,0.00892720818109919,94.7,
SIM-ln,65,1000,1.0,0.0011032322479031438,87.1,
SIM-ln,64,1000,1.0,0.006620448115905429,97.1,
SIM-ln,66,1000,1.0,0.002402592385402837,83.1,
SIM-ln,68,1000,1.0,0.0025494028141997884,56.0,
SIM-ln,67,1000,1.0,0.008809925746699736,87.5,
SIM-ln,69,1000,1.0,0.02841475593047303,87.4,
SIM-ln,70,1000,1.0,0.0004214530687170655,91.3,
SIM-ln,71,1000,1.0,0.006640127054297303,84.7,
SIM-ln,72,1000,1.0,-0.004141867219566245,97.4,
SIM-ln,73,1000,1.0,0.012315676614372786,92.1,
SIM-ln,74,1000,1.0,0.006579031113545346,79.7,
SIM-ln,75,1000,1.0,0.004502287259851329,87.8,
SIM-ln,76,1000,1.0,-0.006863792208918598,64.6,
SIM-ln,77,1000,1.0,0.0008355449765975373,87.8,
SIM-ln,79,1000,1.0,0.006861099717324278,71.9,
SIM-ln,78,1000,1.0,0.0014436241792795698,90.6,
SIM-ln,80,1000,1.0,0.011088446249729229,80.6,
SIM-ln,81,1000,1.0,-0.0002691101556763954,97.4,
SIM-ln,83,1000,1.0,0.003892038386494134,84.7,
SIM-ln,82,1000,1.0,0.0030820657749569417,99.9,
SIM-ln,85,1000,1.0,-6.951101311913964e-05,58.0,
SIM-ln,84,1000,1.0,0.00042472335935389636,87.1,
SIM-ln,86,1000,1.0,-0.010786856907577452,92.5,
SIM-ln,87,1000,1.0,0.003412428015659067,88.4,
SIM-ln,91,1000,1.0,0.0001823443190209226,56.1,
SIM-ln,88,1000,1.0,0.0008247862451930973,94.3,
SIM-ln,89,1000,1.0,2.4234239143159416e-05,88.8,
SIM-ln,90,1000,1.0,0.0002632709157268121,97.6,
SIM-ln,92,1000,1.0,-8.063543112388064e-05,86.9,
SIM-ln,95,1000,1.0,-0.001052942458384468,59.2,
SIM-ln,93,1000,1.0,0.011866826519688387,93.0,
SIM-ln,94,1000,1.0,4.3344238871123684e-05,87.3,
SIM-ln,96,1000,1.0,0.015353158005371194,94.6,
SIM-ln,97,1000,1.0,-0.00020805745360369377,91.4,
SIM-ln,100,1000,1.0,-0.0007622497031836564,56.4,
SIM-ln,98,1000,1.0,0.0038082584857815987,100.9,
SIM-ln,99,1000,1.0,0.0025375305754828563,85.1,
Tuebingen,26,1030,0.125,0.0019183445616283586,86.4,
Tuebingen,29,1030,0.125,0.0029684957036530063,57.4,
Tuebingen,25,1030,0.125,0.00012339832182136246,100.3,
Tuebingen,27,1030,0.125,0.0026049426488973957,86.5,
Tuebingen,28,1030,0.125,0.0020554919960035388,98.2,
Tuebingen,30,1030,0.125,0.0001776049705910583,98.1,
Tuebingen,31,1030,0.125,2.1831281092156538e-05,91.9,
Tuebingen,65,1331,0.333,9.912443157180856e-05,70.9,
Tuebingen,32,1030,0.125,0.002420214266846007,94.6,
Tuebingen,66,1331,0.333,0.0002364630689856289,110.9,
Tuebingen,67,1331,0.334,5.970530629786474e-05,122.3,
Cha,4,1500,1.0,0.0009614960176698838,83.7,
Cha,1,1500,1.0,0.007689381245336663,131.3,
Cha,2,1500,1.0,0.006353348278282916,119.1,
Cha,3,1500,1.0,0.012095155190067333,132.8,
Cha,5,1500,1.0,0.0016325898689838183,129.5,
Cha,6,1500,1.0,0.0004191257117967776,138.1,
Cha,8,1500,1.0,-0.008526226254197323,103.4,
Cha,10,1500,1.0,0.015094062824448886,99.4,
Cha,7,1500,1.0,0.0006333820464379195,138.6,
Cha,9,1500,1.0,0.0006772412843696791,131.6,
Cha,11,1500,1.0,-0.00010277982683755095,131.1,
Cha,12,1500,1.0,0.0010869342947953465,132.2,
Cha,15,1500,1.0,0.0020037345504937583,96.3,
Cha,13,1500,1.0,0.003321810451557493,129.4,
Cha,16,1500,1.0,0.0003626118651030687,97.9,
Cha,14,1500,1.0,-8.915717994513808e-05,132.0,
Cha,17,1500,1.0,0.0004109546046753732,138.9,
Cha,18,1500,1.0,5.198123624383281e-05,125.7,
Cha,22,1500,1.0,0.0061478982201768565,82.9,
Cha,19,1500,1.0,0.0005182096346144072,134.7,
Cha,20,1500,1.0,0.00018622969778973539,127.9,
Cha,21,1500,1.0,0.0035137078554752137,134.1,
Cha,23,1500,1.0,0.0002529906723840064,127.5,
Cha,26,1500,1.0,-0.00017345950435551394,86.1,
Cha,24,1500,1.0,-0.003003783382082229,136.8,
Cha,25,1500,1.0,0.00338709299350613,126.6,
Cha,27,1500,1.0,-0.008178530990561043,131.3,
Cha,28,1500,1.0,0.0005638597632111988,108.8,
Cha,30,1500,1.0,0.0007629585566730124,125.2,
Cha,29,1500,1.0,0.008271226341244917,135.3,
Cha,31,1500,1.0,0.012718605413461554,113.3,
Cha,33,1500,1.0,-0.0019498433043974416,103.1,
Cha,32,1500,1.0,0.000599949542084202,139.8,
Cha,35,1500,1.0,0.006343872837534073,125.6,
Cha,34,1500,1.0,0.0013161656990675471,132.8,
Cha,36,1500,1.0,0.000725730955063699,124.9,
Cha,39,1500,1.0,0.00031208099766527034,88.7,
Cha,37,1500,1.0,-0.0018848377050701389,138.9,
Cha,38,1500,1.0,1.088455614766076e-06,124.7,
Cha,42,1500,1.0,-5.558563692982391e-05,105.8,
Cha,40,1500,1.0,0.0006276946166630566,135.8,
Cha,41,1500,1.0,4.448227713802139e-05,126.6,
Cha,43,1500,1.0,0.005881485241606708,114.4,
Cha,44,1500,1.0,0.0026866914672252842,113.2,
Cha,45,1500,1.0,-6.27889943330628e-05,129.4,
Cha,46,1500,1.0,0.028508914515880796,130.7,
Cha,50,1500,1.0,0.002273457433254812,84.5,
Cha,47,1500,1.0,0.000439913929794929,123.3,
Cha,48,1500,1.0,0.002467614628291054,133.2,
Cha,49,1500,1.0,0.001507452599959259,133.1,
Cha,51,1500,1.0,0.0024518400604641825,136.8,
Cha,52,1500,1.0,0.0031511862708792303,125.0,
Cha,53,1500,1.0,-0.012236625911973593,127.3,
Cha,54,1500,1.0,-8.928296457498853e-05,82.6,
Cha,55,1500,1.0,0.0009138149449538809,124.4,
Cha,56,1500,1.0,0.0022591525062422946,139.0,
Cha,57,1500,1.0,0.0011081069719333398,132.1,
Cha,61,1500,1.0,-1.4010562159500709e-05,87.0,
Cha,58,1500,1.0,0.005333734346286579,140.3,
Cha,59,1500,1.0,0.006210529633821976,125.3,
Cha,60,1500,1.0,0.006059753425065898,122.2,
Cha,63,1500,1.0,0.004370704079290518,103.8,
Cha,62,1500,1.0,1.0164706646533422e-05,130.4,
Cha,65,1500,1.0,0.0015485001034259284,100.2,
Cha,64,1500,1.0,0.0042770066084854095,125.4,
Cha,67,1500,1.0,-0.02148328870707166,125.7,
Cha,66,1500,1.0,-0.01169737098864793,139.4,
Cha,68,1500,1.0,0.000508364884928849,132.5,
Cha,70,1500,1.0,0.010401167324292039,101.8,
Cha,71,1500,1.0,0.0020119795179549147,102.5,
Cha,69,1500,1.0,0.0008109676041094778,134.2,
Cha,72,1500,1.0,-0.005575876291554825,128.5,
Cha,76,1500,1.0,-0.00010176146349633424,82.3,
Cha,73,1500,1.0,-0.00010633970062214309,126.6,
Cha,74,1500,1.0,1.2432726952071746e-05,136.1,
Cha,75,1500,1.0,0.009043107848864368,134.4,
Cha,77,1500,1.0,0.002762052083526441,130.4,
Cha,78,1500,1.0,9.912840871327034e-05,130.8,
Cha,80,1500,1.0,0.0012428015137536412,98.1,
Cha,79,1500,1.0,0.0029554756906082294,127.2,
Cha,81,1500,1.0,0.00011963195330630456,128.3,
Cha,83,1500,1.0,2.415563893068e-05,129.0,
Cha,84,1500,1.0,0.0006670075644260982,99.2,
Cha,82,1500,1.0,0.0010220484632673466,134.1,
Cha,86,1500,1.0,-0.011283848047601727,87.8,
Cha,85,1500,1.0,9.238805726540995e-05,127.5,
Cha,87,1500,1.0,-0.020273931315572008,133.3,
Cha,88,1500,1.0,0.004885141677742734,128.1,
Cha,92,1500,1.0,-0.00022556692711443648,82.1,
Cha,89,1500,1.0,-0.01886049073390332,130.0,
Cha,90,1500,1.0,0.0009011466777044074,130.1,
Cha,91,1500,1.0,4.348185694906852e-05,135.3,
Cha,93,1500,1.0,-0.00321946921416136,128.3,
Cha,96,1500,1.0,0.023831933462964777,83.3,
Cha,94,1500,1.0,0.0047119358629647955,130.3,
Cha,95,1500,1.0,0.005455076393843763,133.8,
Cha,97,1500,1.0,0.002381173215964811,129.3,
Cha,98,1500,1.0,9.45260866560022e-05,127.8,
Cha,99,1500,1.0,0.00020781119784266894,131.4,
Cha,101,1500,1.0,0.005187124803293746,81.9,
Cha,100,1500,1.0,0.002713107347525869,136.1,
Cha,102,1500,1.0,0.006235701571837582,129.1,
Cha,107,1500,1.0,0.0006522324732786079,89.3,
Cha,103,1500,1.0,0.0012600458336555515,129.4,
Cha,106,1500,1.0,0.003185512058772652,112.0,
Cha,104,1500,1.0,0.006358457163240494,126.5,
Cha,105,1500,1.0,0.006284038056253083,134.9,
Cha,108,1500,1.0,0.009156963950607798,123.2,
Cha,109,1500,1.0,0.0003411179899202126,129.1,
Cha,113,1500,1.0,0.00013961971082458255,102.6,
Cha,110,1500,1.0,0.0002680831240385452,124.3,
Cha,112,1500,1.0,0.0009535848702218982,111.8,
Cha,111,1500,1.0,-0.002182037595437397,137.8,
Cha,114,1500,1.0,0.0001009704159264961,135.9,
Cha,115,1500,1.0,0.0005619566575632453,125.5,
Cha,117,1500,1.0,0.0017371138305023153,101.7,
Cha,116,1500,1.0,-0.0001755957124835333,125.3,
Cha,120,1500,1.0,0.0006629575033687742,88.7,
Cha,118,1500,1.0,-0.006584733068975052,133.6,
Cha,119,1500,1.0,0.0062959851246386775,142.1,
Cha,121,1500,1.0,0.00026379092527513295,135.6,
Cha,125,1500,1.0,-0.007247967358678614,80.1,
Cha,122,1500,1.0,0.004892805602511578,125.5,
Cha,123,1500,1.0,0.0002131763311027183,125.9,
Cha,124,1500,1.0,-0.0002300445084573647,125.4,
Cha,126,1500,1.0,0.000363350808370574,125.2,
Cha,129,1500,1.0,0.0017908432963362904,96.4,
Cha,127,1500,1.0,0.0014050864866707565,140.6,
Cha,128,1500,1.0,-0.001222342855118069,131.9,
Cha,131,1500,1.0,0.0013193277899124307,106.1,
Cha,130,1500,1.0,-1.4323286375763196e-05,131.6,
Cha,132,1500,1.0,0.0026592291194220876,130.0,
Cha,133,1500,1.0,0.002083566414936578,118.9,
Cha,135,1500,1.0,2.1593631333774628e-05,96.5,
Cha,134,1500,1.0,-0.0002702290040039055,137.0,
Cha,136,1500,1.0,0.00045863615962570925,124.3,
Cha,138,1500,1.0,0.001591798623257259,125.5,
Cha,137,1500,1.0,0.00380395922584941,129.4,
Cha,139,1500,1.0,0.0008900298443000507,132.5,
Cha,141,1500,1.0,-0.00040421752845884234,116.0,
Cha,140,1500,1.0,2.7639918797842534e-05,125.6,
Cha,143,1500,1.0,0.001956916815024916,102.7,
Cha,142,1500,1.0,0.00018536070780108304,128.7,
Cha,144,1500,1.0,8.468613959168258e-05,104.5,
Cha,145,1500,1.0,-0.00032596601282021306,126.0,
Cha,146,1500,1.0,0.0030764441251465253,124.9,
Cha,148,1500,1.0,0.00030175364273282864,123.9,
Cha,147,1500,1.0,0.0017056996437771262,142.6,
Cha,151,1500,1.0,-0.0029229097117138576,79.5,
Cha,149,1500,1.0,0.0013228769122639312,133.9,
Cha,150,1500,1.0,0.00017678796816269788,131.6,
Cha,152,1500,1.0,-0.004862161913554243,126.0,
Cha,154,1500,1.0,-0.03241486459790505,92.6,
Cha,153,1500,1.0,-0.0038011103016890252,134.6,
Cha,156,1500,1.0,-0.0016925923424591476,115.9,
Cha,155,1500,1.0,-0.002950779676351106,136.0,
Cha,157,1500,1.0,0.0016162310826193162,131.4,
Cha,160,1500,1.0,-0.001993702116696163,79.7,
Cha,158,1500,1.0,-0.00011940179461999222,129.0,
Cha,159,1500,1.0,0.003234389696658225,128.0,
Cha,165,1500,1.0,-0.0016894722553747344,82.8,
Cha,161,1500,1.0,-0.02601930289029291,136.1,
Cha,162,1500,1.0,0.0014825487920863477,127.4,
Cha,163,1500,1.0,0.00141535661655165,136.6,
Cha,164,1500,1.0,0.002243193475561887,129.9,
Cha,166,1500,1.0,0.00016720255301089218,128.9,
Cha,168,1500,1.0,0.0015670233807163676,81.4,
Cha,167,1500,1.0,-5.515152930828678e-05,131.2,
Cha,170,1500,1.0,0.0001652037423887315,127.8,
Cha,169,1500,1.0,0.008796961091509634,130.7,
Cha,171,1500,1.0,0.0032374844505329912,126.1,
Cha,174,1500,1.0,0.000428856232515888,88.3,
Cha,172,1500,1.0,-0.012186065707348679,128.0,
Cha,173,1500,1.0,-0.001376764592512627,132.9,
Cha,175,1500,1.0,0.001155747479987703,114.7,
Cha,176,1500,1.0,0.0018832053832832448,126.4,
Cha,177,1500,1.0,0.010520515860016226,134.3,
Cha,178,1500,1.0,-2.2060483025536346e-05,124.4,
Cha,182,1500,1.0,1.368490710326666e-07,85.4,
Cha,180,1500,1.0,0.0012137847257021402,125.5,
Cha,179,1500,1.0,0.0002057929210572579,128.8,
Cha,181,1500,1.0,0.00085901443258311,140.4,
Cha,184,1500,1.0,-0.002236825559025795,109.4,
Cha,183,1500,1.0,0.000356455476212883,125.2,
Cha,185,1500,1.0,0.0012440688191789576,127.1,
Cha,188,1500,1.0,0.010414665583271691,112.0,
Cha,186,1500,1.0,0.010117614502848067,133.9,
Cha,187,1500,1.0,-0.011241247919447396,127.3,
Cha,190,1500,1.0,0.0003083865009600046,82.9,
Cha,189,1500,1.0,0.01946931431667084,130.4,
Cha,191,1500,1.0,0.005091580670918322,108.7,
Cha,194,1500,1.0,-2.4940706647163427e-05,117.9,
Cha,192,1500,1.0,2.8436831845506658e-05,139.2,
Cha,193,1500,1.0,0.00031344972981998265,138.0,
Cha,195,1500,1.0,-0.00010848677898222861,124.9,
Cha,197,1500,1.0,-1.4015344006153892e-05,123.6,
Cha,196,1500,1.0,0.0012830258405484116,133.7,
Cha,198,1500,1.0,0.00460808901679318,117.1,
Cha,202,1500,1.0,-0.0002636978143894857,93.9,
Cha,199,1500,1.0,0.00155512883767972,108.8,
Cha,201,1500,1.0,0.0003807685587444421,133.9,
Cha,200,1500,1.0,-0.003001112305351273,143.2,
Cha,203,1500,1.0,0.0017497296249653427,122.6,
Cha,204,1500,1.0,0.0009520971035059038,137.8,
Cha,207,1500,1.0,-0.0006917159187171864,83.8,
Cha,205,1500,1.0,0.003995401001951788,123.6,
Cha,206,1500,1.0,0.0005210141104461943,124.5,
Cha,212,1500,1.0,0.01264315986316937,82.5,
Cha,208,1500,1.0,0.0006460726384121059,137.0,
Cha,209,1500,1.0,0.0015304620667940924,140.7,
Cha,210,1500,1.0,4.3599904251440206e-05,124.8,
Cha,213,1500,1.0,0.014414647949829005,123.8,
Cha,211,1500,1.0,1.7555466706296687e-05,135.5,
Cha,214,1500,1.0,0.021521554664924218,120.7,
Cha,215,1500,1.0,-5.019799322004811e-05,88.5,
Cha,218,1500,1.0,-0.0005513933406326334,123.6,
Cha,216,1500,1.0,0.0005206609681649898,136.8,
Cha,217,1500,1.0,0.0009408991533436688,140.3,
Cha,219,1500,1.0,-0.0008638043770211305,125.0,
Cha,222,1500,1.0,-0.00045432783555411746,83.6,
Cha,220,1500,1.0,2.4078443051410523e-05,133.0,
Cha,221,1500,1.0,0.00198526742815305,126.1,
Cha,227,1500,1.0,0.0033659371171257065,83.6,
Cha,223,1500,1.0,0.00035754389989326065,125.8,
Cha,224,1500,1.0,0.00026454549580291905,133.6,
Cha,226,1500,1.0,-0.0060593630425936655,127.0,
Cha,225,1500,1.0,-0.0041506630960634755,137.4,
Cha,228,1500,1.0,0.023107011382147536,133.1,
Cha,229,1500,1.0,3.418540645068992e-05,126.4,
Cha,230,1500,1.0,0.0019936999791894017,88.8,
Cha,231,1500,1.0,-0.00041339134932827555,128.2,
Cha,234,1500,1.0,0.00023150766922033636,105.0,
Cha,232,1500,1.0,0.0005368694597114088,133.9,
Cha,233,1500,1.0,0.0023294431488217844,123.8,
Cha,235,1500,1.0,0.013865756645462277,120.0,
Cha,236,1500,1.0,0.008190247480108,128.9,
Cha,237,1500,1.0,-0.0008389481953534759,128.2,
Cha,238,1500,1.0,0.00231017239003126,93.9,
Cha,239,1500,1.0,6.413035073790153e-05,135.5,
Cha,240,1500,1.0,-0.004098709540184925,132.8,
Cha,241,1500,1.0,0.015937143761011723,127.9,
Cha,242,1500,1.0,0.000547096616899722,130.5,
Cha,245,1500,1.0,0.0007275433110112824,83.4,
Cha,243,1500,1.0,0.0023610881462316517,125.6,
Cha,244,1500,1.0,4.118071064108269e-05,126.5,
Cha,248,1500,1.0,9.308792555778785e-05,106.0,
Cha,246,1500,1.0,-0.00019649045995933382,137.9,
Cha,247,1500,1.0,0.0010213510607087334,135.9,
Cha,250,1500,1.0,0.01228499884809202,110.7,
Cha,249,1500,1.0,3.563829977130644e-05,128.2,
Cha,251,1500,1.0,-0.000140455791208474,126.0,
Cha,252,1500,1.0,0.00024497417396693614,126.7,
Cha,253,1500,1.0,0.004005408250550631,81.7,
Cha,254,1500,1.0,0.0011037061810332312,135.3,
Cha,255,1500,1.0,-0.002243231536472063,133.5,
Cha,260,1500,1.0,0.001714727069657093,80.8,
Cha,256,1500,1.0,0.0031796712079611984,139.6,
Cha,257,1500,1.0,0.004671991874771667,126.4,
Cha,258,1500,1.0,0.0003349312305994504,126.1,
Cha,259,1500,1.0,0.0008511601228468775,126.5,
Cha,262,1500,1.0,6.261374830703304e-05,90.5,
Cha,263,1500,1.0,0.004900143907367181,119.6,
Cha,261,1500,1.0,0.003700095757798587,137.8,
Cha,265,1500,1.0,-0.001049313107272112,126.0,
Cha,264,1500,1.0,-0.0021971093055984355,135.2,
Cha,266,1500,1.0,1.8240218494129583e-05,126.8,
Cha,267,1500,1.0,0.003061906516031345,126.9,
Cha,268,1500,1.0,0.00036481303037178627,109.4,
Cha,269,1500,1.0,-5.05958401545123e-05,86.4,
Cha,271,1500,1.0,0.0010116636891302011,124.9,
Cha,270,1500,1.0,0.013495403162415697,138.4,
Cha,273,1500,1.0,0.004585092640964426,125.7,
Cha,272,1500,1.0,-7.553183645894634e-05,134.8,
Cha,276,1500,1.0,0.0020221051895964464,81.0,
Cha,274,1500,1.0,0.004696321474950097,126.7,
Cha,275,1500,1.0,0.0012406236289412616,138.5,
Cha,280,1500,1.0,0.0016243152488802878,98.0,
Cha,277,1500,1.0,-0.013808737020836348,127.9,
Cha,281,1500,1.0,-0.008042889422369137,113.8,
Cha,279,1500,1.0,0.0007501436841878755,127.2,
Cha,278,1500,1.0,-9.667707424475079e-05,134.5,
Cha,282,1500,1.0,0.0025733576371022924,127.3,
Cha,284,1500,1.0,0.007371415122344403,83.2,
Cha,283,1500,1.0,-0.01790382096601351,133.3,
Cha,285,1500,1.0,0.0035538673723295023,130.0,
Cha,287,1500,1.0,-5.290900514124507e-05,128.9,
Cha,286,1500,1.0,0.003328524056621183,131.2,
Cha,288,1500,1.0,0.002139566099661738,132.3,
Cha,290,1500,1.0,-0.007473863172435291,82.2,
Cha,289,1500,1.0,0.0016855673934811815,130.0,
Cha,291,1500,1.0,-0.0003009492843536834,136.8,
Cha,296,1500,1.0,-0.0003682375536055016,79.4,
Cha,292,1500,1.0,-8.025350209101445e-05,125.3,
Cha,293,1500,1.0,0.006117943507623757,125.2,
Cha,294,1500,1.0,0.015037530012615298,138.4,
Cha,295,1500,1.0,0.001106127264535967,138.5,
Cha,297,1500,1.0,0.006674529572838782,126.9,
Cha,299,1500,1.0,0.0019219462211983083,81.9,
Cha,298,1500,1.0,-9.977732999271641e-05,138.1,
Cha,300,1500,1.0,-2.3811391684947327e-05,123.9,
Multi,1,1500,1.0,0.0012594087893305456,126.1,
Multi,5,1500,1.0,-0.00312014571539307,80.2,
Multi,4,1500,1.0,0.0043079655442048856,126.6,
Multi,2,1500,1.0,0.00024109171570658403,135.9,
Multi,3,1500,1.0,-0.004214266596521719,138.3,
Multi,9,1500,1.0,2.9475016780263592e-05,81.7,
Multi,6,1500,1.0,0.00023287479555775386,134.3,
Multi,7,1500,1.0,0.0002695533265391737,129.5,
Multi,8,1500,1.0,0.006173894994687738,126.1,
Multi,10,1500,1.0,9.64614899406918e-06,127.8,
Multi,11,1500,1.0,0.00010545839926307205,132.3,
Multi,13,1500,1.0,0.001952764394812033,81.0,
Multi,12,1500,1.0,0.003125681514744935,137.7,
Multi,14,1500,1.0,-5.565497538247426e-05,124.1,
Multi,16,1500,1.0,0.0025974205110767903,123.6,
Multi,17,1500,1.0,0.004771408957639991,101.0,
Multi,15,1500,1.0,0.0017591093972750907,143.6,
Multi,19,1500,1.0,0.0005160616061673618,115.4,
Multi,18,1500,1.0,0.0020283708032268677,125.0,
Multi,20,1500,1.0,-0.001831449996580691,130.6,
Multi,21,1500,1.0,0.002942498490219796,124.6,
Multi,22,1500,1.0,0.0002698284543871366,116.9,
Multi,24,1500,1.0,0.0001851813473807177,111.5,
Multi,23,1500,1.0,5.60084589687303e-05,134.1,
Multi,26,1500,1.0,0.0015810754378461308,114.1,
Multi,25,1500,1.0,0.003927068600264629,132.5,
Multi,27,1500,1.0,0.0023698081595033456,126.8,
Multi,29,1500,1.0,0.00022295841076985342,81.0,
Multi,28,1500,1.0,0.0028475409655159363,126.1,
Multi,30,1500,1.0,0.001723384758188811,119.5,
Multi,31,1500,1.0,-8.027930971258755e-05,126.0,
Multi,32,1500,1.0,-0.0010688738612361676,135.3,
Multi,33,1500,1.0,-3.7591900125059897e-06,133.3,
Multi,34,1500,1.0,-0.00010721629651273303,127.5,
Multi,35,1500,1.0,0.0010324050499279829,117.5,
Multi,37,1500,1.0,0.00023189173727284897,97.7,
Multi,36,1500,1.0,0.005252274958416146,126.6,
Multi,38,1500,1.0,-0.008240218234816729,122.5,
Multi,42,1500,1.0,-0.00012050621326178195,99.1,
Multi,39,1500,1.0,0.005908448182302275,136.3,
Multi,41,1500,1.0,3.038687126373789e-05,124.9,
Multi,40,1500,1.0,0.0039266387513507296,135.6,
Multi,43,1500,1.0,-0.008558314133445722,123.0,
Multi,44,1500,1.0,0.0010454304278585155,125.3,
Multi,45,1500,1.0,0.0005969771528853689,96.9,
Multi,46,1500,1.0,0.0028240701460075443,99.7,
Multi,47,1500,1.0,0.0005536928639073638,132.1,
Multi,48,1500,1.0,0.0014181427470092987,128.8,
Multi,49,1500,1.0,-0.0010994001047104087,130.1,
Multi,50,1500,1.0,-0.000168378466257335,129.4,
Multi,51,1500,1.0,-8.36061872093374e-05,123.5,
Multi,53,1500,1.0,0.002762700210735787,90.2,
Multi,52,1500,1.0,0.0009295046969096584,134.0,
Multi,57,1500,1.0,0.0008977392572365275,84.8,
Multi,54,1500,1.0,0.0014859260657084684,134.8,
Multi,55,1500,1.0,0.0025769535721340106,128.2,
Multi,56,1500,1.0,0.00038493315801866533,130.0,
Multi,58,1500,1.0,0.003474887192428595,129.6,
Multi,59,1500,1.0,0.0008655808281165118,130.1,
Multi,60,1500,1.0,0.0015680684628732058,132.0,
Multi,61,1500,1.0,0.0009658735901200137,81.6,
Multi,62,1500,1.0,0.001385148047982091,132.7,
Multi,63,1500,1.0,7.396352958876895e-05,133.3,
Multi,64,1500,1.0,0.0003559268713471584,129.4,
Multi,68,1500,1.0,3.560339167770892e-05,81.4,
Multi,65,1500,1.0,0.0022585329228340827,127.4,
Multi,66,1500,1.0,0.00015574389498988232,128.1,
Multi,67,1500,1.0,0.0055807262114633775,134.7,
Multi,72,1500,1.0,0.002198410148366074,81.6,
Multi,71,1500,1.0,0.00803172746724806,128.3,
Multi,69,1500,1.0,0.0015446337255513552,134.2,
Multi,70,1500,1.0,0.004164441180976117,133.2,
Multi,73,1500,1.0,0.0076707762059609625,129.8,
Multi,74,1500,1.0,0.0005970893768647699,127.4,
Multi,76,1500,1.0,0.002926209109843834,81.8,
Multi,75,1500,1.0,0.0032575227237632374,131.1,
Multi,77,1500,1.0,0.004961717792576275,127.9,
Multi,78,1500,1.0,0.00022894837011365997,133.4,
Multi,79,1500,1.0,0.0048041537685384085,134.4,
Multi,82,1500,1.0,0.0003782829272621513,103.0,
Multi,80,1500,1.0,0.02456897520028783,123.1,
Multi,83,1500,1.0,-0.003488671145937899,103.2,
Multi,81,1500,1.0,0.00022693105758193628,127.3,
Multi,88,1500,1.0,0.005611676714706838,84.4,
Multi,84,1500,1.0,0.005030570488348655,125.4,
Multi,85,1500,1.0,-0.0019724619420539865,127.1,
Multi,86,1500,1.0,-3.453684006279359e-05,133.0,
Multi,87,1500,1.0,0.007011115796211294,129.4,
Multi,90,1500,1.0,0.0008405056390977264,128.2,
Multi,89,1500,1.0,0.007697832724261542,132.5,
Multi,93,1500,1.0,0.00012124021876759312,80.6,
Multi,91,1500,1.0,-2.859720924199413e-05,130.4,
Multi,92,1500,1.0,0.000130755639521342,126.8,
Multi,94,1500,1.0,0.0018417563935419626,138.1,
Multi,95,1500,1.0,0.007893883659539004,126.0,
Multi,96,1500,1.0,0.0009623595074652862,126.6,
Multi,98,1500,1.0,0.0005357376197496801,83.0,
Multi,97,1500,1.0,0.00022710192856123003,135.5,
Multi,100,1500,1.0,0.0006657670896715413,124.9,
Multi,99,1500,1.0,-0.0014917821908652486,135.4,
Multi,104,1500,1.0,0.00023235812830994795,86.0,
Multi,102,1500,1.0,0.000732098836318341,125.3,
Multi,103,1500,1.0,0.0025811835707807516,125.2,
Multi,101,1500,1.0,-2.5868470740169925e-05,138.2,
Multi,105,1500,1.0,0.002374675903429957,137.6,
Multi,108,1500,1.0,0.005830133727950826,88.5,
Multi,106,1500,1.0,0.004912169046199694,124.3,
Multi,107,1500,1.0,0.001055097221190634,135.6,
Multi,110,1500,1.0,-0.0007132139622218784,101.1,
Multi,109,1500,1.0,0.0015012890586808656,127.2,
Multi,111,1500,1.0,0.004545411561353591,135.7,
Multi,112,1500,1.0,0.001551418874095093,134.4,
Multi,116,1500,1.0,-0.002525181372249939,81.6,
Multi,113,1500,1.0,0.003395768126973494,132.8,
Multi,114,1500,1.0,0.0031622353629528217,128.8,
Multi,115,1500,1.0,0.00010997508372155882,126.8,
Multi,117,1500,1.0,0.0014457265582139905,133.4,
Multi,118,1500,1.0,0.0004740557532596102,127.7,
Multi,120,1500,1.0,0.0020226630350624205,81.3,
Multi,119,1500,1.0,-9.947044240883314e-06,133.9,
Multi,121,1500,1.0,-0.0015341674569964658,138.3,
Multi,122,1500,1.0,0.00647057217981328,126.3,
Multi,123,1500,1.0,-6.399274848010626e-05,125.1,
Multi,126,1500,1.0,0.0027376120389147884,112.4,
Multi,127,1500,1.0,0.0020965153965235754,87.0,
Multi,125,1500,1.0,0.001846938003412431,125.2,
Multi,124,1500,1.0,0.0018201071980702137,140.4,
Multi,129,1500,1.0,-3.832074381269148e-05,123.3,
Multi,132,1500,1.0,0.002580594275106474,84.5,
Multi,128,1500,1.0,0.002567262668407621,142.8,
Multi,130,1500,1.0,2.933423760795225e-05,124.1,
Multi,131,1500,1.0,0.002175073311281661,136.4,
Multi,133,1500,1.0,9.539602748376053e-05,125.4,
Multi,134,1500,1.0,0.00021784882800624845,138.7,
Multi,136,1500,1.0,-3.0388299736656483e-06,83.6,
Multi,135,1500,1.0,0.0022091163079809174,127.0,
Multi,138,1500,1.0,-0.0008488595594761247,127.0,
Multi,137,1500,1.0,-0.005408691683326743,136.8,
Multi,140,1500,1.0,0.0026305578936759123,129.0,
Multi,139,1500,1.0,0.0010944389673179862,131.0,
Multi,142,1500,1.0,0.0033865015508384336,98.3,
Multi,141,1500,1.0,-5.166678745364625e-06,131.7,
Multi,145,1500,1.0,0.0031601882946157124,82.1,
Multi,143,1500,1.0,0.00017142909873600994,129.8,
Multi,144,1500,1.0,0.0027817447224396203,134.3,
Multi,146,1500,1.0,-0.0003121391818828669,126.8,
Multi,148,1500,1.0,-0.0023107202512633244,127.5,
Multi,150,1500,1.0,0.0013327724475664486,90.3,
Multi,147,1500,1.0,0.0030081775467631334,137.0,
Multi,149,1500,1.0,0.0025953299027262496,136.6,
Multi,152,1500,1.0,0.00019224597066985327,91.3,
Multi,151,1500,1.0,0.0021029123962650557,125.4,
Multi,153,1500,1.0,0.0009479743804282357,124.5,
Multi,154,1500,1.0,0.0021654820598710203,125.4,
Multi,158,1500,1.0,0.00024276888959916962,81.7,
Multi,155,1500,1.0,0.0006200890420879862,137.4,
Multi,156,1500,1.0,0.0032510259424358397,132.7,
Multi,157,1500,1.0,-0.0010945348779893666,140.1,
Multi,159,1500,1.0,-0.009488476527094824,127.0,
Multi,164,1500,1.0,0.004726218068399164,81.3,
Multi,160,1500,1.0,0.0009953914575195962,130.0,
Multi,161,1500,1.0,0.005482599743688186,129.7,
Multi,162,1500,1.0,0.00010167804105625811,128.0,
Multi,163,1500,1.0,0.0009453755472202605,128.0,
Multi,165,1500,1.0,0.008645331049374129,130.9,
Multi,166,1500,1.0,0.0005283156106055204,129.2,
Multi,167,1500,1.0,8.254534669306226e-05,118.1,
Multi,169,1500,1.0,0.0072850350427481805,85.3,
Multi,168,1500,1.0,0.0014232080590118826,127.1,
Multi,170,1500,1.0,0.002901053578630142,126.1,
Multi,171,1500,1.0,0.004653140443174161,134.5,
Multi,175,1500,1.0,0.0008657993375082134,83.5,
Multi,172,1500,1.0,0.0024364498659424825,136.7,
Multi,173,1500,1.0,0.0002795302125481596,126.5,
Multi,174,1500,1.0,0.0006115499534316353,132.1,
Multi,176,1500,1.0,0.0026416556547924595,128.8,
Multi,177,1500,1.0,0.004598269657949699,124.9,
Multi,179,1500,1.0,-0.00791318879645338,109.9,
Multi,178,1500,1.0,0.008812610179668385,130.7,
Multi,180,1500,1.0,0.002650563653324632,130.9,
Multi,181,1500,1.0,0.0023264196481779164,131.4,
Multi,182,1500,1.0,0.00243085740698439,112.5,
Multi,184,1500,1.0,0.0066283618699613045,83.4,
Multi,183,1500,1.0,-0.007296580540612326,129.9,
Multi,185,1500,1.0,0.0007212042154176903,130.3,
Multi,186,1500,1.0,-6.713377559900932e-05,130.4,
Multi,190,1500,1.0,0.0024045045461221037,82.7,
Multi,187,1500,1.0,0.006374292298770531,131.3,
Multi,188,1500,1.0,0.001119091983917514,129.2,
Multi,189,1500,1.0,-0.002915846465097493,132.7,
Multi,194,1500,1.0,0.0013122136630817868,82.7,
Multi,191,1500,1.0,-0.0015358040315680299,129.5,
Multi,192,1500,1.0,2.1852899224205792e-05,128.5,
Multi,193,1500,1.0,0.0036458530212406986,133.2,
Multi,195,1500,1.0,0.0003484772452438271,131.7,
Multi,196,1500,1.0,0.0071800003187748665,128.7,
Multi,197,1500,1.0,0.003064385916614565,134.8,
Multi,198,1500,1.0,0.00023260918089334592,104.2,
Multi,200,1500,1.0,0.0010109818659976453,93.3,
Multi,199,1500,1.0,0.004601113022578658,123.3,
Multi,201,1500,1.0,0.0010895565466634953,126.7,
Multi,202,1500,1.0,0.0012850222203323529,136.0,
Multi,203,1500,1.0,0.0010537367218637554,125.0,
Multi,206,1500,1.0,-0.0005475032648559839,84.5,
Multi,204,1500,1.0,0.005603919724720397,137.8,
Multi,205,1500,1.0,0.002352972366808201,139.6,
Multi,207,1500,1.0,0.00019599744399614687,125.3,
Multi,208,1500,1.0,0.0007868502546349484,119.5,
Multi,211,1500,1.0,-0.0003839299245677139,98.8,
Multi,210,1500,1.0,0.003077234382693349,127.9,
Multi,209,1500,1.0,0.0005488674196880061,136.8,
Multi,215,1500,1.0,-0.002494227016658808,79.5,
Multi,212,1500,1.0,0.00246429360298545,135.7,
Multi,213,1500,1.0,0.0022215230586775966,127.8,
Multi,214,1500,1.0,-4.365723440895574e-05,129.9,
Multi,219,1500,1.0,0.0015494883839633938,79.3,
Multi,216,1500,1.0,-0.0037509999674670245,140.4,
Multi,217,1500,1.0,-0.009203010164509378,127.6,
Multi,218,1500,1.0,0.0015936789399051353,127.2,
Multi,221,1500,1.0,0.0028748406326285997,128.1,
Multi,220,1500,1.0,6.242843007910206e-05,140.1,
Multi,222,1500,1.0,-0.00016557997949759868,129.3,
Multi,226,1500,1.0,0.0015644362641489263,79.0,
Multi,223,1500,1.0,-0.0007441419128926402,134.5,
Multi,224,1500,1.0,0.00022400490830233285,130.0,
Multi,225,1500,1.0,-0.007214882631656259,138.0,
Multi,228,1500,1.0,-0.0016374238112573983,107.9,
Multi,227,1500,1.0,0.0009046960615430697,128.0,
Multi,229,1500,1.0,0.0029622900021036434,132.0,
Multi,230,1500,1.0,0.0019413137453954744,112.2,
Multi,232,1500,1.0,0.004020511334495218,116.1,
Multi,231,1500,1.0,-0.0024111759185904704,127.8,
Multi,233,1500,1.0,-0.001439392156145906,111.3,
Multi,234,1500,1.0,0.0008090436181136347,117.2,
Multi,235,1500,1.0,0.0009597718985434556,133.8,
Multi,236,1500,1.0,0.0010087407325831462,124.1,
Multi,238,1500,1.0,0.0022181274438246496,93.0,
Multi,237,1500,1.0,0.0005284845630363182,137.5,
Multi,239,1500,1.0,0.001722841336194684,124.1,
Multi,240,1500,1.0,0.00024640488405177973,140.5,
Multi,241,1500,1.0,0.002624686284852595,125.2,
Multi,242,1500,1.0,0.00024920051698421774,108.1,
Multi,245,1500,1.0,0.002076750803984073,85.9,
Multi,244,1500,1.0,0.0016361056902409225,120.4,
Multi,243,1500,1.0,0.004369594003063804,139.6,
Multi,246,1500,1.0,-0.003997949743355408,126.5,
Multi,247,1500,1.0,0.0007574264487102082,125.6,
Multi,248,1500,1.0,2.1699584684883866e-05,124.9,
Multi,249,1500,1.0,0.00022643819034294296,124.4,
Multi,251,1500,1.0,0.0018727832411641356,88.3,
Multi,250,1500,1.0,-0.0013936415167458754,132.7,
Multi,252,1500,1.0,0.0015748762391365016,141.2,
Multi,254,1500,1.0,0.001621257785499233,85.9,
Multi,253,1500,1.0,0.0006231907268762109,138.7,
Multi,255,1500,1.0,0.0017836492981107542,125.9,
Multi,256,1500,1.0,0.0004960919797539201,124.8,
Multi,257,1500,1.0,0.0007910927195246328,125.1,
Multi,260,1500,1.0,-0.004559941211270871,79.5,
Multi,258,1500,1.0,0.001617343870617942,139.4,
Multi,259,1500,1.0,0.00014497287405741043,142.3,
Multi,265,1500,1.0,0.0005536833067552912,79.6,
Multi,262,1500,1.0,0.003054183647741109,125.7,
Multi,261,1500,1.0,-0.0021612822804119567,139.7,
Multi,263,1500,1.0,0.00034095468841828167,125.7,
Multi,264,1500,1.0,0.0026712189639478195,127.3,
Multi,266,1500,1.0,0.002023535783272433,136.8,
Multi,268,1500,1.0,9.688279057405907e-05,82.3,
Multi,267,1500,1.0,0.0013904241096984232,138.2,
Multi,269,1500,1.0,0.0011906605102440845,128.2,
Multi,270,1500,1.0,0.0012224203793517888,131.5,
Multi,271,1500,1.0,0.0008083847817100011,127.8,
Multi,272,1500,1.0,0.0015951105065712744,131.2,
Multi,274,1500,1.0,0.004281933095979419,81.4,
Multi,273,1500,1.0,0.002678555291902494,131.7,
Multi,275,1500,1.0,0.00022676007092460777,134.2,
Multi,280,1500,1.0,0.0024938790551671053,81.9,
Multi,276,1500,1.0,0.00393378983643318,130.6,
Multi,277,1500,1.0,0.003191563565645663,130.8,
Multi,278,1500,1.0,0.0027688434422621067,127.9,
Multi,279,1500,1.0,-0.008211268740692414,129.3,
Multi,281,1500,1.0,0.008126367879632715,99.7,
Multi,283,1500,1.0,0.0006731316320934973,128.4,
Multi,288,1500,1.0,0.0031138694012447527,79.8,
Multi,282,1500,1.0,4.654585645129383e-06,135.8,
Multi,284,1500,1.0,0.0004157937738324903,135.0,
Multi,285,1500,1.0,0.0001546118632552091,131.7,
Multi,286,1500,1.0,0.0021629832269050133,126.8,
Multi,287,1500,1.0,-0.0035047446619348634,128.8,
Multi,290,1500,1.0,-0.0009233726835824628,100.8,
Multi,293,1500,1.0,-0.0009912045805646544,89.0,
Multi,289,1500,1.0,-0.0029826988101559343,129.0,
Multi,291,1500,1.0,-0.0009687651245037258,131.1,
Multi,294,1500,1.0,0.002397517572022399,125.6,
Multi,295,1500,1.0,-0.001734763878551343,120.0,
Multi,292,1500,1.0,-0.0006925572676431185,136.5,
Multi,297,1500,1.0,0.0015454450676273697,118.1,
Multi,296,1500,1.0,0.0003676848441923331,140.5,
Net,1,1500,1.0,0.0027212787088761,83.9,
Multi,298,1500,1.0,0.001680980566138505,123.0,
Net,2,1500,1.0,0.0001498274490904003,106.3,
Multi,299,1500,1.0,2.858623831595997e-05,141.5,
Multi,300,1500,1.0,0.0020200094806900643,123.9,
Net,7,1500,1.0,0.004144788425355688,79.1,
Net,3,1500,1.0,0.03628699973755918,129.5,
Net,5,1500,1.0,5.1486545025790045e-05,124.7,
Net,6,1500,1.0,0.004390963587616763,124.1,
Net,4,1500,1.0,0.0007078305093827147,143.2,
Net,9,1500,1.0,0.0005726114477322423,123.8,
Net,8,1500,1.0,0.002383255732766891,144.1,
Net,11,1500,1.0,0.0003036918947137564,78.7,
Net,10,1500,1.0,0.0003498214669520435,140.0,
Net,12,1500,1.0,0.006749720416867104,127.0,
Net,13,1500,1.0,2.6704754142077325e-05,127.4,
Net,14,1500,1.0,0.00016194150731206925,135.1,
Net,15,1500,1.0,9.348779549682695e-05,126.6,
Net,17,1500,1.0,0.0009128129868309456,104.3,
Net,16,1500,1.0,0.0010253237748794543,135.3,
Net,18,1500,1.0,0.0015664175580645744,81.6,
Net,19,1500,1.0,0.0019965140110827285,128.0,
Net,20,1500,1.0,0.01097657213707063,127.7,
Net,21,1500,1.0,0.00016627545768914018,134.9,
Net,22,1500,1.0,0.0009659939830529249,126.0,
Net,24,1500,1.0,-6.032783891314564e-05,106.7,
Net,25,1500,1.0,0.004744915266094198,100.5,
Net,23,1500,1.0,-0.00010269867734148149,133.7,
Net,27,1500,1.0,0.0042668224710089245,95.0,
Net,26,1500,1.0,0.0018935080276598617,134.0,
Net,28,1500,1.0,0.013770422887491796,130.6,
Net,29,1500,1.0,0.002118562353513436,129.4,
Net,30,1500,1.0,-0.00048055088988194195,130.3,
Net,31,1500,1.0,0.008733452980702229,130.6,
Net,33,1500,1.0,0.0017923122842770215,81.3,
Net,32,1500,1.0,-0.0005617027669266049,129.5,
Net,39,1500,1.0,0.022876011603710448,80.9,
Net,34,1500,1.0,0.02537939072807558,140.3,
Net,36,1500,1.0,0.00021037729213748468,124.1,
Net,35,1500,1.0,0.002267933547258915,140.9,
Net,37,1500,1.0,0.0004212086452188307,135.1,
Net,38,1500,1.0,-8.888391153925365e-05,132.1,
Net,40,1500,1.0,0.010278793110340937,131.8,
Net,41,1500,1.0,0.007277503004806997,81.7,
Net,42,1500,1.0,0.00012630423211248905,125.0,
Net,43,1500,1.0,0.00038617839590040343,117.4,
Net,45,1500,1.0,0.0031499999345329143,127.1,
Net,44,1500,1.0,0.0003595563372307541,134.3,
Net,48,1500,1.0,0.002557633248103504,101.3,
Net,46,1500,1.0,0.0002975983120475994,138.4,
Net,47,1500,1.0,-7.014064916447841e-05,134.9,
Net,50,1500,1.0,0.001700378857789082,82.2,
Net,49,1500,1.0,0.0014468080571294851,131.1,
Net,51,1500,1.0,0.0021835962658637415,128.9,
Net,52,1500,1.0,0.0036943764581866705,129.1,
Net,56,1500,1.0,0.00037359818976344454,80.9,
Net,53,1500,1.0,-0.00010254791344069698,129.4,
Net,54,1500,1.0,0.006580894389962958,134.5,
Net,55,1500,1.0,0.006388986134546634,132.2,
Net,57,1500,1.0,0.0007579196732089787,128.3,
Net,60,1500,1.0,0.004508298107230991,97.6,
Net,59,1500,1.0,0.0012583310763474556,101.3,
Net,58,1500,1.0,0.0010432253848554477,128.2,
Net,61,1500,1.0,-7.463635250679133e-06,132.8,
Net,63,1500,1.0,0.020632762392640242,130.4,
Net,62,1500,1.0,0.016276996636260095,137.8,
Net,65,1500,1.0,0.001727218012746525,92.5,
Net,66,1500,1.0,0.0011223163375078346,109.5,
Net,64,1500,1.0,0.003626088987571509,126.9,
Net,67,1500,1.0,-0.0003293173264556401,126.3,
Net,69,1500,1.0,0.0007514953582902175,122.6,
Net,71,1500,1.0,0.011357592879132097,83.0,
Net,68,1500,1.0,0.0006230838316714814,135.5,
Net,70,1500,1.0,-0.0007535186436282222,137.9,
Net,72,1500,1.0,0.00045124991351853705,130.7,
Net,73,1500,1.0,0.001263365452613583,126.5,
Net,76,1500,1.0,0.01116615350253638,81.4,
Net,74,1500,1.0,1.8257592463865387e-05,128.1,
Net,75,1500,1.0,0.0019618541763525977,130.0,
Net,77,1500,1.0,0.0005048870077100742,130.1,
Net,78,1500,1.0,0.002569214412942014,133.4,
Net,81,1500,1.0,0.0001426363246925565,80.8,
Net,79,1500,1.0,0.00010649263369947231,127.0,
Net,80,1500,1.0,0.00010533857528026894,130.4,
Net,82,1500,1.0,-0.00032847950674227375,128.2,
Net,83,1500,1.0,0.0010947713649403388,127.5,
Net,84,1500,1.0,0.00035925715646787374,136.9,
Net,86,1500,1.0,0.002819131417862545,108.5,
Net,85,1500,1.0,5.022586306578319e-05,123.4,
Net,88,1500,1.0,0.009256380251525436,91.7,
Net,87,1500,1.0,0.0014969025056308614,137.8,
Net,89,1500,1.0,0.01240036236307006,123.2,
Net,90,1500,1.0,0.00017092813346575363,126.0,
Net,94,1500,1.0,0.0015123239596424934,100.7,
Net,93,1500,1.0,0.0004286401605983355,125.7,
Net,91,1500,1.0,0.002528506024025105,132.9,
Net,92,1500,1.0,0.0007018089651116201,135.0,
Net,96,1500,1.0,-0.0007273380513993552,94.2,
Net,95,1500,1.0,0.0036783917688338395,137.2,
Net,99,1500,1.0,0.00035276221054817976,97.2,
Net,98,1500,1.0,0.00587570258532929,111.8,
Net,97,1500,1.0,0.003313904306361023,129.6,
Net,101,1500,1.0,0.0007399859002147401,133.0,
Net,100,1500,1.0,6.22509517397443e-05,138.6,
Net,102,1500,1.0,0.001468325823016182,128.2,
Net,104,1500,1.0,0.002314741891210318,87.3,
Net,103,1500,1.0,0.0011518291306686574,128.3,
Net,105,1500,1.0,0.0049009343532088285,123.4,
Net,106,1500,1.0,0.00041641019721382424,128.9,
Net,110,1500,1.0,0.0013237365171051888,83.5,
Net,107,1500,1.0,-0.0001991341347995463,130.6,
Net,108,1500,1.0,0.001332092382060925,133.5,
Net,109,1500,1.0,-7.234735572983931e-06,129.4,
Net,111,1500,1.0,0.00033079663048317317,131.8,
Net,114,1500,1.0,0.00397542738135617,81.3,
Net,112,1500,1.0,-9.577654971108823e-05,130.5,
Net,113,1500,1.0,0.0004550164085873359,128.1,
Net,115,1500,1.0,0.0015302875070447766,132.2,
Net,116,1500,1.0,5.917427455687794e-06,135.2,
Net,117,1500,1.0,0.017916385164021473,126.0,
Net,119,1500,1.0,0.00022196052282048541,93.9,
Net,118,1500,1.0,0.02152515109311329,134.8,
Net,120,1500,1.0,0.00528032311620153,128.0,
Net,121,1500,1.0,0.0017511179910065307,127.0,
Net,123,1500,1.0,-0.00028544289745611735,114.6,
Net,122,1500,1.0,0.0031807884183740398,125.0,
Net,125,1500,1.0,-7.479215383264845e-05,88.4,
Net,124,1500,1.0,0.0007557607736512695,126.1,
Net,126,1500,1.0,0.0002570458547561784,136.7,
Net,127,1500,1.0,0.0002476414135900494,117.2,
Net,131,1500,1.0,0.00010185513594266374,92.1,
Net,128,1500,1.0,0.0018554743704253885,131.1,
Net,130,1500,1.0,0.00022252250173204326,122.2,
Net,129,1500,1.0,3.508040151730817e-05,138.0,
Net,132,1500,1.0,0.012387021472209093,134.8,
Net,134,1500,1.0,0.0012945742090283612,105.4,
Net,133,1500,1.0,0.00036925140631527897,110.8,
Net,135,1500,1.0,-1.7988327824444936e-05,121.9,
Net,136,1500,1.0,0.004713295938237094,142.4,
Net,137,1500,1.0,5.0220991920145946e-05,124.4,
Net,138,1500,1.0,0.00010720296150626074,127.7,
Net,141,1500,1.0,0.002547000506341239,82.8,
Net,140,1500,1.0,0.0006590748602926783,113.4,
Net,139,1500,1.0,0.00193955427435231,139.0,
Net,142,1500,1.0,-0.00018863397916217567,128.1,
Net,144,1500,1.0,0.000869620266215794,128.7,
Net,143,1500,1.0,7.5499805343793094e-06,133.7,
Net,147,1500,1.0,-4.478025899073973e-05,84.1,
Net,145,1500,1.0,-0.00011748317345358785,128.5,
Net,146,1500,1.0,0.000437105179265311,129.0,
Net,148,1500,1.0,0.0004567798375020493,132.6,
Net,152,1500,1.0,0.0001933862710906638,82.4,
Net,149,1500,1.0,0.0027681221090007815,128.0,
Net,150,1500,1.0,0.0002315714505682296,128.2,
Net,151,1500,1.0,9.118295193694069e-05,134.2,
Net,153,1500,1.0,0.021608674809470364,128.2,
Net,154,1500,1.0,0.000426990123205136,129.1,
Net,157,1500,1.0,0.00015171997471101397,85.0,
Net,155,1500,1.0,0.016166882346450973,132.3,
Net,156,1500,1.0,0.00020490827754437383,120.8,
Net,158,1500,1.0,0.00025818270604719676,128.2,
Net,162,1500,1.0,0.005745405388118594,82.0,
Net,159,1500,1.0,0.0003812552942808013,132.3,
Net,160,1500,1.0,0.024168935910049084,129.1,
Net,161,1500,1.0,0.0020574372878100775,128.7,
Net,163,1500,1.0,5.282097701645402e-05,134.9,
Net,164,1500,1.0,0.0002827409750895089,127.3,
Net,166,1500,1.0,0.0014213763965526974,83.2,
Net,165,1500,1.0,6.336985481933581e-05,126.2,
Net,168,1500,1.0,0.0007404826117682808,124.3,
Net,167,1500,1.0,0.0006944065213131909,138.9,
Net,169,1500,1.0,0.0007952723849475839,133.2,
Net,170,1500,1.0,-4.721818180438922e-05,109.0,
Net,172,1500,1.0,0.0009804150910363977,112.3,
Net,171,1500,1.0,0.0016719384635675422,126.9,
Net,173,1500,1.0,0.003743810488180703,96.2,
Net,174,1500,1.0,0.0018347263654367831,133.2,
Net,175,1500,1.0,-0.00012271108942637224,131.4,
Net,176,1500,1.0,0.008392550581329643,129.3,
Net,180,1500,1.0,0.00046591441217776436,81.7,
Net,177,1500,1.0,-0.00010008802698061525,129.1,
Net,179,1500,1.0,0.0025471302230031558,130.5,
Net,178,1500,1.0,0.0002834801234780051,130.8,
Net,184,1500,1.0,0.003723009597864525,82.1,
Net,181,1500,1.0,0.0013621597881071578,128.1,
Net,182,1500,1.0,0.001619073180340788,133.5,
Net,183,1500,1.0,0.0014558621097922702,131.7,
Net,185,1500,1.0,0.0018784722379975474,127.3,
Net,186,1500,1.0,-0.0002488830746906521,118.8,
Net,187,1500,1.0,0.00021496374765752046,129.7,
Net,188,1500,1.0,-0.0001741865091110713,94.0,
Net,189,1500,1.0,0.0004195637372204518,123.7,
Net,191,1500,1.0,0.0007593217712525384,134.3,
Net,190,1500,1.0,0.0017291271263376986,140.7,
Net,194,1500,1.0,0.0028151000909878753,90.9,
Net,193,1500,1.0,0.0022468183256406397,107.1,
Net,192,1500,1.0,0.004548364701524435,138.1,
Net,195,1500,1.0,-0.0005952513001605489,124.2,
Net,196,1500,1.0,0.002126751290714987,119.1,
Net,200,1500,1.0,0.0004047389912901352,84.3,
Net,199,1500,1.0,0.0009385914317740327,125.8,
Net,197,1500,1.0,0.00153644106832986,135.2,
Net,198,1500,1.0,0.00154967529624903,139.0,
Net,201,1500,1.0,-1.0690231884503726e-07,139.7,
Net,203,1500,1.0,2.587823692773779e-05,82.1,
Net,202,1500,1.0,0.00026706943158502373,125.4,
Net,204,1500,1.0,-2.6932201877630192e-05,122.5,
Net,205,1500,1.0,0.001875584838718618,126.0,
Net,206,1500,1.0,0.00035147712542792564,129.5,
Net,207,1500,1.0,0.0065633185870517426,136.5,
Net,208,1500,1.0,0.00023922394679804594,117.9,
Net,211,1500,1.0,0.00027745986334922916,83.7,
Net,210,1500,1.0,0.00018170660416741964,126.0,
Net,209,1500,1.0,0.002601003900543886,133.7,
Net,216,1500,1.0,0.00041094119947001023,85.3,
Net,212,1500,1.0,-0.00015697265907773652,129.2,
Net,213,1500,1.0,0.0013126297594547697,134.2,
Net,215,1500,1.0,0.0007587895335791086,125.0,
Net,214,1500,1.0,0.00011440529925590577,134.2,
Net,217,1500,1.0,0.0007005618390697794,126.4,
Net,218,1500,1.0,0.000320082249653709,133.9,
Net,219,1500,1.0,0.02947834713272006,82.9,
Net,220,1500,1.0,3.283780281283349e-05,128.4,
Net,221,1500,1.0,0.00016499558233222078,132.5,
Net,222,1500,1.0,0.001964484463444648,128.8,
Net,223,1500,1.0,0.000895539320619719,130.0,
Net,226,1500,1.0,5.629503812503475e-05,84.0,
Net,224,1500,1.0,0.007500255944835102,130.7,
Net,225,1500,1.0,0.008521081355407991,131.5,
Net,229,1500,1.0,0.0005221599181124805,90.9,
Net,227,1500,1.0,0.007189587585912719,128.0,
Net,228,1500,1.0,-0.0001619972088451212,133.7,
Net,230,1500,1.0,0.0012755349957319082,127.0,
Net,231,1500,1.0,0.0006951503409721326,135.7,
Net,232,1500,1.0,0.0030515772314341073,137.4,
Net,233,1500,1.0,0.00022983809528053485,126.2,
Net,234,1500,1.0,0.00010569301999180423,85.5,
Net,235,1500,1.0,0.002000801439612847,125.9,
Net,237,1500,1.0,0.0004169528484156204,125.6,
Net,241,1500,1.0,0.002012574211471274,85.0,
Net,236,1500,1.0,0.012646663417754193,137.2,
Net,238,1500,1.0,0.0007466757833417862,135.5,
Net,240,1500,1.0,0.0005758278797403797,127.9,
Net,239,1500,1.0,0.012845333751237259,136.3,
Net,242,1500,1.0,0.0013914623910276254,108.2,
Net,243,1500,1.0,0.003992614323152349,99.3,
Net,244,1500,1.0,0.001023288578909365,126.1,
Net,245,1500,1.0,0.00011331818786895634,134.3,
Net,247,1500,1.0,0.0029747635028532543,119.3,
Net,246,1500,1.0,0.002357847286456277,138.9,
Net,248,1500,1.0,0.002450124908843104,138.3,
Net,250,1500,1.0,0.005688478204812077,86.9,
Net,249,1500,1.0,0.012262131243180277,123.2,
Net,251,1500,1.0,0.03218474800383373,125.3,
Net,256,1500,1.0,0.0025021701295128177,83.5,
Net,252,1500,1.0,0.00036649535084166377,133.1,
Net,253,1500,1.0,0.0012000478553736964,127.2,
Net,254,1500,1.0,0.0003722677630073723,136.0,
Net,255,1500,1.0,0.009494384975149813,134.2,
Net,257,1500,1.0,3.621616018427095e-05,132.4,
Net,259,1500,1.0,-2.3168132239818494e-05,84.9,
Net,258,1500,1.0,0.03017988391506779,125.6,
Net,261,1500,1.0,0.001256290272841826,125.4,
Net,260,1500,1.0,-0.0016476867937686881,137.2,
Net,265,1500,1.0,-0.00015561808241256944,86.8,
Net,262,1500,1.0,-3.528452462116667e-05,138.6,
Net,263,1500,1.0,0.001437217397522062,135.5,
Net,264,1500,1.0,0.00027318916533435473,126.8,
Net,266,1500,1.0,0.00014258776871266065,128.3,
Net,269,1500,1.0,0.0012905646783781643,81.4,
Net,267,1500,1.0,0.00013122924082041706,128.4,
Net,268,1500,1.0,0.0031621636136727085,130.2,
Net,270,1500,1.0,0.007025512861078873,133.0,
Net,271,1500,1.0,5.818698029937458e-05,131.0,
Net,272,1500,1.0,0.002533189151068556,128.0,
Net,274,1500,1.0,0.001204232136096869,82.6,
Net,273,1500,1.0,0.00016060615193550933,134.6,
Net,275,1500,1.0,-0.00015548472947575064,124.2,
Net,276,1500,1.0,0.003086902197591726,129.7,
Net,280,1500,1.0,-0.00011767566356958247,103.0,
Net,277,1500,1.0,0.002033920923226595,136.5,
Net,278,1500,1.0,0.0010764236484157245,135.9,
Net,279,1500,1.0,0.0020115319055221247,125.5,
Net,282,1500,1.0,0.00019193053768989428,89.1,
Net,281,1500,1.0,-6.38682672213079e-05,124.9,
Net,283,1500,1.0,0.0017835359141427482,144.5,
Net,284,1500,1.0,0.0011290356951186185,123.7,
Net,288,1500,1.0,0.004577408480823467,89.7,
Net,287,1500,1.0,0.0007379797483156164,122.8,
Net,286,1500,1.0,0.000689718662818084,129.3,
Net,285,1500,1.0,-1.2834232410677867e-05,142.9,
Net,289,1500,1.0,0.0036577854069049466,128.2,
Net,291,1500,1.0,0.0002492422221639392,98.1,
Net,290,1500,1.0,9.58262688328506e-05,134.9,
Net,295,1500,1.0,5.360191670111141e-07,103.0,
Net,292,1500,1.0,0.00044658695275606015,126.0,
Net,293,1500,1.0,0.0006553389588091703,127.2,
Net,294,1500,1.0,0.001983961794207618,134.9,
Net,296,1500,1.0,0.0005508280136038437,132.0,
Net,297,1500,1.0,0.00018391470335163022,104.1,
Net,299,1500,1.0,0.00595042232548042,112.9,
Net,298,1500,1.0,-3.3171189261213416e-05,131.7,
Net,300,1500,1.0,0.008972304035172357,132.4,
Tuebingen,72,1632,1.0,0.0002444513392361234,148.8,
Tuebingen,99,2287,1.0,0.00045878653561830045,154.2,
Tuebingen,84,3102,1.0,3.838972203221806e-05,251.3,
Tuebingen,5,4177,0.143,-0.00010169696943586743,360.1,
Tuebingen,7,4177,0.143,-0.00022442543320063709,379.4,
Tuebingen,8,4177,0.143,-0.0005350218336303324,387.8,
Tuebingen,6,4177,0.143,-0.00039308308629161325,420.5,
Tuebingen,9,4177,0.143,-0.000434684615618429,385.9,
Tuebingen,10,4177,0.143,-0.00042464953593975127,406.4,
Tuebingen,11,4177,0.142,-0.00039679155407163234,335.0,
Tuebingen,12,5000,0.5,-0.001170976477196569,309.7,
Tuebingen,73,5084,0.083,-0.0009526024944888747,265.4,
Tuebingen,17,5000,0.5,-0.0010611448430920933,294.3,
Tuebingen,87,7753,1.0,-0.020394804843285864,398.7,
Tuebingen,77,8401,0.5,0.0014771592326100224,441.7,
Tuebingen,42,9162,0.5,0.004600280462258633,551.0,
Tuebingen,94,9504,0.3333,0.00018638386648947192,588.4,
Tuebingen,95,9504,0.3333,0.0021735524219752673,602.3,
Tuebingen,96,9504,0.3333,-0.0006151062408596797,584.2,
Tuebingen,43,10369,0.25,-1.2950086576612486e-05,676.5,
Tuebingen,44,10369,0.25,-0.0008315460750251489,670.0,
Tuebingen,45,10369,0.25,9.932205786502375e-05,702.5,
Tuebingen,46,10369,0.25,0.000948156047806611,692.8,
Tuebingen,69,16382,1.0,-0.00017591128806367643,1633.8,
